FOOD COMMODITY GROUP,FOOD COMMODITY TYPOLOGY,FOOD COMMODITY sub-TYPOLOGY,FOOD COMMODITY ITEM,carbon_mean,carbon_median,carbon_min,carbon_max,carbon_suggested_value,water_mean,water_median,water_min,water_max,water_suggested_value
FISHING,FISH,,ALFONSINO,3.49,3.49,3.49,3.49,TYPOLOGY,,,,,
CROPS,NUTS,,ALMOND,1.9,1.88,0.51,3.71,ITEM,8047,8047,8047,8047,
AGRICULTURAL PROCESSED,NUTS COVERED WITH CHOCOLATE,,ALMOND COVERED WITH CHOCOLATE,4.8,4.8,4.8,4.8,TYPOLOGY,,,,,
AGRICULTURAL PROCESSED,VEGETAL MILK,,ALMOND MILK,0.42,0.42,0.39,0.44,TYPOLOGY,,,,,
AGRICULTURAL PROCESSED,NUTS PASTE,,ALMOND PASTE,2.98,2.98,2.89,3.07,TYPOLOGY,,,,,
FISHING,FISH,,ANCHOVY,0.81,0.82,0.77,0.86,ITEM,,,,,
FISHING,FISH,,ANGLERFISH,12.29,12.29,10.43,14.15,TYPOLOGY,,,,,
CROPS,FRUIT OPENFIELD,"FRUIT OTHER (Excluded citrus, wild berries and olives) (SUBTYP)",APPLE,0.31,0.25,0.06,0.95,ITEM,680,622,398,1078,ok item
AGRICULTURAL PROCESSED,FRUIT JUICE (imported ingredients),,APPLE JUICE (I),2.84,2.84,2.84,2.84,TYPOLOGY,1141,1141,1140,1141,
CROPS,FRUIT OPENFIELD,"FRUIT OTHER (Excluded citrus, wild berries and olives) (SUBTYP)",APRICOT,0.36,0.3,0.23,0.56,ITEM,1287,1287,1287,1287,ok item
CROPS,VEGETABLES OPENFIELD,"VEGETABLES (fruits, steems, flowers) (SUBTYP)",ARTICHOKE,0.33,0.33,0.33,0.33,TYPOLOGY,818,818,818,818,ok item
ANIMAL HUSBANDRY,CHEESE HARD & SEMIHARD,,ASIAGO,10.24,10.24,10.24,10.24,TYPOLOGY,,,,,
CROPS,VEGETABLES OPENFIELD,ASPARAGUS* (SUBTYP),ASPARAGUS,0.97,0.83,0.38,2.68,ITEM,2150,2150,2150,2150,
CROPS,FRUIT OPENFIELD,"FRUIT OTHER (Excluded citrus, wild berries and olives) (SUBTYP)",AVOCADO,0.54,0.54,0.25,0.84,ITEM,1901,1805,656,3680,ok item
AGRICULTURAL PROCESSED,LEGUME FLOUR,,AZUKI BEAN FLOUR,1.32,1.32,1.32,1.32,TYPOLOGY,,,,,
ANIMAL HUSBANDRY,PORK CURED MEAT,,BACON,4.03,4.03,3,5.05,TYPOLOGY,6116,6116,6116,6116,ok item
CROPS,FRUIT OPENFIELD,"FRUIT OTHER (Excluded citrus, wild berries and olives) (SUBTYP)",BANANA,0.38,0.34,0.15,0.78,ITEM,469,500,117,790,typology
CROPS,GRAINS,,BARLEY,0.53,0.48,0.11,1.11,ITEM,1423,1423,1423,1423,ok item
FISHING,SHELLFISH,,BARNACLE,4.32,2.3,0.78,11.68,ITEM,,,,,
CROPS,LEGUMES,,BEAN,0.67,0.43,0.22,1.55,ITEM,5053,5053,5053,5053,ok item
AGRICULTURAL PROCESSED,LEGUMES FROZEN,,BEANS (F),1.77,1.77,1.77,1.77,TYPOLOGY,801,801,801,801,ok item
ANIMAL HUSBANDRY,BEEF BONE FREE MEAT*,,BEEF BONE FREE MEAT*,27.72,25.75,2.27,109.35,ITEM,16252,15139,3856,26465,item matching typology
AGRICULTURAL PROCESSED,BEER,,BEER IN CAN,0.69,0.69,0.51,0.9,ITEM,166,155,45,298,
AGRICULTURAL PROCESSED,SUGAR,,BEET SUGAR,0.89,0.94,0.26,1.31,ITEM,871,865,829,920,ok item
CROPS,VEGETABLES OPENFIELD,ROOTS & BULBS (SUBTYP),BEETROOT,0.25,0.25,0.11,0.38,TYPOLOGY,,,,,
CROPS,FRUIT OPENFIELD,WILD BERRIES (SUBTYP),BLACKBERRY,0.42,0.42,0.42,0.42,TYPOLOGY,413,413,413,413,ok item
CROPS,FRUIT OPENFIELD,WILD BERRIES (SUBTYP),BLUEBERRY,0.64,0.78,0.19,0.97,ITEM,845,845,845,845,ok item
AGRICULTURAL PROCESSED,FRUIT JUICE (imported ingredients),,BLUEBERRY JUICE (I),3,3,3,3,TYPOLOGY,,,,,
AGRICULTURAL PROCESSED,BREAD FROZEN* (rolls frozen),,BREAD FROZEN (F)*,1.31,1.31,1.31,1.31,ITEM matching with TYPOLOGY,,,,,
AGRICULTURAL PROCESSED,BREAD,,BREAD MULTICEREAL**,0.7,0.7,0.54,0.86,TYPOLOGY,771,771,559,983,typology
AGRICULTURAL PROCESSED,BREAD,,BREAD PLAIN**,0.97,0.89,0.61,1.54,ITEM,995,1031,601,1387,ok item
AGRICULTURAL PROCESSED,BREAD,,BREAD WHOLE**,0.78,0.77,0.55,0.91,ITEM,851,887,544,1140,ok item
CROPS,VEGETABLES OPENFIELD,"VEGETABLES (fruits, steems, flowers) (SUBTYP)",BROCCOLI,0.67,0.57,0.22,1.87,ITEM,327,325,288,369,typology
AGRICULTURAL PROCESSED,GRAIN FLOUR,,BUCKWHEAT FLOUR,1.96,1.96,1.96,1.96,TYPOLOGY,,,,,
ANIMAL HUSBANDRY,BUFFALO BONE FREE MEAT*,,BUFFALO BONE FREE MEAT*,71.39,78.8,54.53,80.85,ITEM matching with TYPOLOGY,,,,,
ANIMAL HUSBANDRY,MILK,,BUFFALO MILK,3.75,3.57,2.87,5.2,ITEM,,,,,
ANIMAL HUSBANDRY,BUTTER*,,BUTTER*,9.9,8.48,1.05,25,ITEM,5544,5659,2686,9873,item matching typology
CROPS,VEGETABLES OPENFIELD,GREEN LEAFY VEGETABLES (SUB TYP),CABAGGE,0.3,0.23,0.12,0.64,ITEM,260,280,130,370,ok item
AGRICULTURAL PROCESSED,SWEETS,,CAKES AND CROISSANT**,2.23,2.14,1.64,3.09,ITEM,1856,1640,1086,3570,ok item
ANIMAL HUSBANDRY,CHEESE HARD & SEMIHARD,,CAMEMBERT,7.55,7.55,7,8.1,TYPOLOGY,,,,,
AGRICULTURAL PROCESSED,SUGAR,,CANE SUGAR,0.67,0.62,0.28,1.51,ITEM,1358,1724,202,1782,ok item
FISHING,FISH,,CARP,1.8,1.76,1.73,1.93,TYPOLOGY,2364,2364,2364,2364,ok item
CROPS,FRUIT OPENFIELD,"FRUIT OTHER (Excluded citrus, wild berries and olives) (SUBTYP)",CARROB,1.1,1.1,1.1,1.11,TYPOLOGY,,,,,
CROPS,VEGETABLES OPENFIELD,ROOTS & BULBS (SUBTYP),CARROT,0.23,0.24,0.04,0.45,ITEM,195,195,195,195,ok item
AGRICULTURAL PROCESSED,VEGETABLES CANNED,,CARROTS CANNED,1.6,1.6,1.6,1.6,TYPOLOGY,,,,,
CROPS,NUTS,,CASHEW NUT,1.56,1.38,0.35,3.44,ITEM,,,,,
FISHING,FISH,,CATFISH,8.93,8.93,8.93,8.93,TYPOLOGY,,,,,
CROPS,VEGETABLES OPENFIELD,"VEGETABLES (fruits, steems, flowers) (SUBTYP)",CAULIFLOWER,0.32,0.31,0.09,0.52,ITEM,285,285,285,285,ok item
ANIMAL HUSBANDRY,CHEESE HARD & SEMIHARD,,CEDDAR,11.87,11.21,8.7,16.35,ITEM,,,,,
CROPS,VEGETABLES OPENFIELD,"VEGETABLES (fruits, steems, flowers) (SUBTYP)",CELERY,0.32,0.32,0.32,0.32,TYPOLOGY,,,,,
ANIMAL HUSBANDRY,CHEESE HARD & SEMIHARD,,CHEESE,9.29,8.93,5.33,14.69,ITEM,5051,5253,2455,8985,ok item
ANIMAL HUSBANDRY,CHEESE HARD & SEMIHARD,,CHEESE SEMIHARD,8.65,8.65,8.5,8.79,TYPOLOGY,,,,,
CROPS,FRUIT OPENFIELD,"FRUIT OTHER (Excluded citrus, wild berries and olives) (SUBTYP)",CHERRY,0.49,0.46,0.26,0.88,ITEM,1604,1604,1604,1604,
CROPS,NUTS,,CHESTNUT,0.64,0.44,0.43,1.04,TYPOLOGY,2750,2750,2750,2750,ok item
ANIMAL HUSBANDRY,POULTRY BONE FREE MEAT,,CHICKEN BONE FREE MEAT,4.24,3.68,1.06,16.29,ITEM,4888,3960,1746,14898,ok item
ANIMAL HUSBANDRY,POULTRY MEAT WITH BONE,,CHICKEN MEAT WITH BONE,3.25,2.82,0.85,12.57,ITEM,3330,3330,3330,3330,
CROPS,LEGUMES,,CHICKPEA,0.67,0.77,0.45,0.8,TYPOLOGY,4177,4177,4177,4177,ok item
CROPS,SPICIES,,CHILLY,0.8,0.8,0.8,0.8,TYPOLOGY,7365,7365,7365,7365,ok item
AGRICULTURAL PROCESSED,ICE CREAM,,CHOCOLATE,6.6,6.6,6.4,6.8,TYPOLOGY,17196,17196,17196,17196,ok item
AGRICULTURAL PROCESSED,BISCUITS,,CHOCOLATE OR CREAM FILLED COOKIES**,1.69,1.53,1.33,2.39,ITEM,2895,2902,2083,3589,ok item
CROPS,FRUIT OPENFIELD,CITRUS FRUIT (SUBTYP),CLEMENTINE,0.42,0.41,0.33,0.51,TYPOLOGY,748,748,748,748,ok item
AGRICULTURAL PROCESSED,SWEETS,,COCOA CAKES AND CROISSANT**,1.97,1.94,1.45,2.62,ITEM,3698,3469,1887,5804,ok item
CROPS,FRUIT IMPORTED,,COCONUT (I),1.78,1.78,1.78,1.78,TYPOLOGY,2093,2093,2093,2093,
AGRICULTURAL PROCESSED,VEGETAL MILK,,COCONUT MILK,0.41,0.41,0.39,0.44,TYPOLOGY,,,,,
FISHING,FISH,,COD,3.29,3.08,1.25,5.88,ITEM,2795,2782,659,4967,ok item
AGRICULTURAL PROCESSED,COFFEE LIQUID,,COFFEE DRIP FILTERED (L),0.6,0.6,0.46,0.73,TYPOLOGY,,,,,
CROPS,COFFEE GREEN*,,COFFEE GREEN*,0.49,0.49,0.29,0.71,ITEM,,,,,
AGRICULTURAL PROCESSED,COFFEE GROUND & PARCHMENT,,COFFEE GROUND,5.13,5.13,4.82,5.44,TYPOLOGY,,,,,
AGRICULTURAL PROCESSED,COFFEE GROUND & PARCHMENT,,COFFEE PARCHMENT,8.47,8.29,6.34,10.94,ITEM,,,,,
AGRICULTURAL PROCESSED,COFFEE LIQUID,,COFFEE SOLUBLE POWDER (L),0.33,0.33,0.33,0.33,TYPOLOGY,,,,,
AGRICULTURAL PROCESSED,VEGETABLES CANNED,,CORN CANNED,1.36,1.36,1.36,1.36,TYPOLOGY,807,807,806,807,
AGRICULTURAL PROCESSED,BREAKFAST CEREALS* (cornflakes),,CORNFLAKES*,2.64,2.64,2.64,2.64,ITEM matching with TYPOLOGY,,,,,
ANIMAL HUSBANDRY,MILK,,COW MILK,1.43,1.31,0.54,8.44,ITEM,1237,1261,494,1814,ok item
CROPS,LEGUMES,,COWPEA,0.48,0.49,0.33,0.61,ITEM,6906,6906,6906,6906,ok item
CROPS,FRUIT OPENFIELD,WILD BERRIES (SUBTYP),CRANBERRY,0.9,0.87,0.86,0.97,TYPOLOGY,276,276,276,276,ok item
AGRICULTURAL PROCESSED,FRUIT JUICE (imported ingredients),,CRANBERRY JUICE (I),2.88,2.88,2.88,2.88,TYPOLOGY,,,,,
ANIMAL HUSBANDRY,CHEESE FRESH,,CREAM,5.34,5.45,2.1,8.31,ITEM,3998,3839,1983,7670,ok item
AGRICULTURAL PROCESSED,CRISPBREAD**,,CRISPBREAD**,1.36,1.35,1.19,1.53,ITEM,1458,1423,1264,1764,item matching typology
CROPS,VEGETABLES OPENFIELD,"VEGETABLES (fruits, steems, flowers) (SUBTYP)",CUCUMBER,0.32,0.27,0.08,0.8,ITEM,353,353,353,353,ok item
CROPS,FRUIT OPENFIELD,WILD BERRIES (SUBTYP),CURRANT,0.64,0.64,0.44,0.84,TYPOLOGY,499,499,499,499,ok item
FISHING,SHELLFISH,CEPHALOPOD (SUBTYP),CUTTLEFISH,5.05,5.05,3.71,6.39,TYPOLOGY,,,,,
AGRICULTURAL PROCESSED,CHOCOLATE,,DARK CHOCOLATE,2.67,2.71,2.49,2.82,TYPOLOGY,,,,,
CROPS,DRIED FRUIT,,DATE,0.6,0.6,0.32,0.88,TYPOLOGY,2902,2840,2277,3650,
FISHING,FISH,,DIAMOND FISH,7.56,6.02,6.02,10.65,TYPOLOGY,,,,,
ANIMAL HUSBANDRY,POULTRY BONE FREE MEAT,,DUCK MEAT BONE FREE,4.1,4.1,4.1,4.1,TYPOLOGY,4325,4325,4325,4325,
ANIMAL HUSBANDRY,POULTRY MEAT WITH BONE,,DUCK MEAT WITH BONE,2.07,2.07,2.07,2.07,TYPOLOGY,,,,,
AGRICULTURAL PROCESSED,GRAIN FLOUR,,DURUM WHEAT,0.48,0.47,0.4,0.57,ITEM,,,,,
FISHING,FISH,,EEL,3.88,3.88,3.88,3.88,TYPOLOGY,,,,,
AGRICULTURAL PROCESSED,EGG PASTA*,,EGG PASTA*,3.19,3.15,2.41,4.55,ITEM matching with TYPOLOGY,4637,4637,4636,4638,item matching typology
CROPS,VEGETABLES OPENFIELD,"VEGETABLES (fruits, steems, flowers) (SUBTYP)",EGGPLANT,0.45,0.19,0.1,1.3,ITEM,362,362,362,362,ok item
ANIMAL HUSBANDRY,EGGS*,,EGGS*,3.23,3.2,0.72,6,ITEM matching with TYPOLOGY,3361,2562,296,13140,
ANIMAL HUSBANDRY,CHEESE HARD & SEMIHARD,,EMMENTAL,8.2,8.2,8.2,8.2,TYPOLOGY,,,,,
ANIMAL HUSBANDRY,POULTRY BONE FREE MEAT,,EMU BONE FREE MEAT,1.5,1.5,1.5,1.5,TYPOLOGY,,,,,
AGRICULTURAL PROCESSED,COFFEE LIQUID,,ESPRESSO (L),0.55,0.55,0.55,0.55,TYPOLOGY,,,,,
CROPS,VEGETABLES OPENFIELD,"VEGETABLES (fruits, steems, flowers) (SUBTYP)",FENNEL,0.48,0.48,0.48,0.48,TYPOLOGY,8280,8280,8280,8280,
CROPS,FRUIT OPENFIELD,"FRUIT OTHER (Excluded citrus, wild berries and olives) (SUBTYP)",FIG,0.31,0.26,0.23,0.43,TYPOLOGY,3350,3350,3350,3350,ok item
AGRICULTURAL PROCESSED,FRUIT JUICE (imported ingredients),,FIG JUICE (I),3.2,3.2,3.2,3.2,TYPOLOGY,,,,,
FISHING,FISH,,FLATFISH,6.41,6.41,1.2,11.61,TYPOLOGY,,,,,
FISHING,FISH,,FLATHEAD,2.45,2.56,1.3,3.5,TYPOLOGY,,,,,
AGRICULTURAL PROCESSED,CRACKERS,,FLAVORED CRACKERS**,1.01,0.93,0.91,1.26,ITEM,1429,1378,1258,1701,ok item
FISHING,FISH,,FORK BEARD,8.01,8.01,6.25,9.77,TYPOLOGY,,,,,
CROPS,VEGETABLES OPENFIELD,ROOTS & BULBS (SUBTYP),GARLIC,0.67,0.71,0.57,0.74,TYPOLOGY,589,589,589,589,ok item
CROPS,VEGETABLES OPENFIELD,"VEGETABLES (fruits, steems, flowers) (SUBTYP)",GERKIN,0.23,0.21,0.13,0.33,ITEM,,,,,
CROPS,VEGETABLES HEATED GREENHOUSE,,GERKIN (G),2.52,2.12,2.04,3.79,ITEM or TYPOLOGY,,,,,
CROPS,SPICIES,,GINGER,0.88,0.88,0.88,0.88,TYPOLOGY,1657,1657,1657,1657,ok item
ANIMAL HUSBANDRY,CHEESE HARD & SEMIHARD,,GOAT CHEESE,8.18,8.35,7.71,8.48,TYPOLOGY,,,,,
ANIMAL HUSBANDRY,MILK,,GOAT MILK,1.44,1.44,1.41,1.46,TYPOLOGY,,,,,
CROPS,FRUIT OPENFIELD,WILD BERRIES (SUBTYP),GOOSEBERRY,0.84,0.84,0.84,0.84,TYPOLOGY,526,526,526,526,ok item
AGRICULTURAL PROCESSED,GRAIN FLOUR,,GRAHAM FLOUR,0.47,0.47,0.47,0.47,TYPOLOGY,,,,,
ANIMAL HUSBANDRY,CHEESE HARD & SEMIHARD,,GRANA PADANO,14.27,15.34,10.44,17.04,TYPOLOGY,,,,,
CROPS,FRUIT OPENFIELD,"FRUIT OTHER (Excluded citrus, wild berries and olives) (SUBTYP)",GRAPES,0.39,0.31,0.15,0.88,ITEM,575,608,506,610,ok item
CROPS,LEGUMES,,GREEN BEAN (fresh),0.73,0.52,0.2,1.55,ITEM,,,,,
AGRICULTURAL PROCESSED,LEGUMES FROZEN,,GREEN BEANS (F),2.74,2.74,2.74,2.74,TYPOLOGY,,,,,
AGRICULTURAL PROCESSED,LEGUMES CANNED,,GREEN BEANS IN CAN,1.45,1.45,1.45,1.45,TYPOLOGY,,,,,
CROPS,FRUIT OPENFIELD,"FRUIT OTHER (Excluded citrus, wild berries and olives) (SUBTYP)",GUAVA,0.28,0.28,0.28,0.28,TYPOLOGY,1800,1800,1800,1800,ok item
FISHING,FISH,,HADDOCK,3.25,3.1,2.8,3.84,TYPOLOGY,,,,,
FISHING,FISH FROZEN,,HADDOCK (F),3.72,3.72,3.72,3.72,TYPOLOGY,,,,,
FISHING,FISH,,HAKE,10.12,10.4,6.88,14.15,ITEM,,,,,
CROPS,NUTS,,HAZELNUT,1.07,1.11,0.43,1.5,ITEM,10515,10515,10515,10515,
AGRICULTURAL PROCESSED,NUTS COVERED WITH CHOCOLATE,,HAZELNUT COVERED WITH CHOCOLATE,3.43,3.43,3.43,3.43,TYPOLOGY,,,,,
AGRICULTURAL PROCESSED,NUTS PASTE,,HAZELNUT CREAM,2.71,2.71,2.61,2.81,TYPOLOGY,,,,,
AGRICULTURAL PROCESSED,NUTS PASTE,,HAZELNUT PASTE,1.69,1.69,1.59,1.78,TYPOLOGY,,,,,
FISHING,FISH,,HERRING,2.21,1.24,0.66,4.55,ITEM,,,,,
FISHING,FISH FROZEN,,HERRING (F),1.31,1.3,0.98,1.65,ITEM,,,,,
ANIMAL HUSBANDRY,HONEY*,,HONEY*,1.74,1.74,0.94,2.55,ITEM matching with TYPOLOGY,,,,,
AGRICULTURAL PROCESSED,ICE CREAM,,ICE CREAM,1.02,1.02,1.02,1.02,TYPOLOGY,,,,,
ANIMAL HUSBANDRY,KANGAROO MEAT*,,KANGAROO MEAT*,4.1,4.1,4.1,4.1,ITEM matching with TYPOLOGY,,,,,
AGRICULTURAL PROCESSED,DRESSING,,KETCHUP,1.46,1.46,1.46,1.46,TYPOLOGY,534,534,534,534,ok item
CROPS,FRUIT OPENFIELD,"FRUIT OTHER (Excluded citrus, wild berries and olives) (SUBTYP)",KIWI,0.65,0.49,0.27,1.61,ITEM,514,514,514,514,ok item
AGRICULTURAL PROCESSED,FRUIT JUICE (imported ingredients),,KIWI JUICE (I),2.84,2.84,2.84,2.84,TYPOLOGY,,,,,
FISHING,SHELLFISH,,KRILL,5.54,5.54,5.54,5.54,TYPOLOGY,,,,,
ANIMAL HUSBANDRY,LAMB BONE FREE MEAT*,,LAMB BONE FREE MEAT*,27.21,25.23,10.05,56.7,ITEM,10412,10412,10412,10412,item matching typology
ANIMAL HUSBANDRY,LAMB MEAT WITH BONE*,,LAMB MEAT WITH BONE*,18.01,16.7,6.68,37.47,ITEM,5235,4362,2782,8561,item matching typology
CROPS,FRUIT OPENFIELD,CITRUS FRUIT (SUBTYP),LEMON,0.22,0.22,0.18,0.26,TYPOLOGY,642,642,642,642,ok item
CROPS,LEGUMES,,LENTIL,1.03,1.03,1,1.06,TYPOLOGY,5874,5874,5874,5874,ok item
CROPS,VEGETABLES OPENFIELD,GREEN LEAFY VEGETABLES (SUB TYP),LETTUCE,0.4,0.41,0.13,0.62,ITEM,212,237,110,290,ok item
CROPS,FRUIT OPENFIELD,CITRUS FRUIT (SUBTYP),LIME,0.22,0.22,0.18,0.26,TYPOLOGY,642,642,642,642,ok item
FISHING,FISH,,LING,6.45,6.45,3.13,9.77,TYPOLOGY,,,,,
FISHING,SHELLFISH,,LOBSTER,19.3,20.25,7.72,28.3,ITEM,,,,,
FISHING,FISH,,MACKEREL,2.05,1.8,0.25,5.45,ITEM,,,,,
FISHING,FISH FROZEN,,MACKEREL (F),1.11,0.99,0.84,1.51,TYPOLOGY,,,,,
CROPS,GRAINS,,MAIZE,0.79,0.48,0.4,1.64,ITEM or TYPOLOGY,1383,1191,760,2540,ok item
AGRICULTURAL PROCESSED,GRAIN FLOUR,,MAIZE FLOUR,1.31,1.31,1.31,1.31,TYPOLOGY,,,,,
CROPS,FRUIT OPENFIELD,CITRUS FRUIT (SUBTYP),MANDARIN,0.4,0.45,0.22,0.51,ITEM,748,748,748,748,ok item
CROPS,FRUIT OPENFIELD,"FRUIT OTHER (Excluded citrus, wild berries and olives) (SUBTYP)",MANGO,0.33,0.31,0.25,0.44,ITEM,2000,1855,1430,2860,ok item
AGRICULTURAL PROCESSED,FRUIT JUICE (imported ingredients),,MANGO JUICE (I),2.96,2.96,2.96,2.96,TYPOLOGY,,,,,
AGRICULTURAL PROCESSED,MARGARINE*,,MARGARINE*,1.43,1.39,1.1,1.8,ITEM matching with TYPOLOGY,1324,1324,1324,1324,item matching typology
ANIMAL HUSBANDRY,CHEESE FRESH,,MASCARPONE,5.7,5.7,5.7,5.7,TYPOLOGY,6100,6100,6100,6100,typology
AGRICULTURAL PROCESSED,DRESSING,,MAYONNAISE,2.04,2.04,2.04,2.04,TYPOLOGY,,,,,
ANIMAL HUSBANDRY,EDIBLE INSECTS* (mealworms),,MEALWORMS*,2.84,2.84,2.84,2.84,ITEM matching with TYPOLOGY,4341,4341,4341,4341,item matching typology
FISHING,FISH,,MEGRIM,14.15,14.15,14.15,14.15,TYPOLOGY,,,,,
CROPS,FRUIT OPENFIELD,"FRUIT OTHER (Excluded citrus, wild berries and olives) (SUBTYP)",MELON,0.56,0.61,0.3,0.76,ITEM,,,,,
CROPS,FRUIT NOT HEATED GREENHOUSE* (melon),,MELON (g)*,1.41,1.43,1.24,1.55,ITEM,,,,,
AGRICULTURAL PROCESSED,CHOCOLATE,,MILK CHOCOLATE,3.6,3.6,3.6,3.6,TYPOLOGY,,,,,
CROPS,GRAINS,,MILLET,0.86,0.86,0.47,1.24,TYPOLOGY,4478,4478,4478,4478,ok item
AGRICULTURAL PROCESSED,GRAIN FLOUR,,MILLET FLOUR,1.37,1.37,1.37,1.37,TYPOLOGY,,,,,
AGRICULTURAL PROCESSED,BOTTLED WATER* (mineral water),,MINERAL WATER*,0.49,0.49,0.42,0.56,ITEM matching with TYPOLOGY,,,,,
CROPS,NUTS,,MIXED NUTS,0.47,0.47,0.47,0.47,TYPOLOGY,9063,9063,9063,9063,ok item
ANIMAL HUSBANDRY,CHEESE FRESH,,MOZZARELLA,8.48,8.2,6.27,11.95,ITEM,9672,9410,9215,10390,typology
AGRICULTURAL PROCESSED,LEGUME FLOUR,,MUNG BEAN FLOUR,1.49,1.49,1.49,1.49,TYPOLOGY,,,,,
CROPS,MUSHROOM*,,MUSHROOM*,1.78,2.06,0.2,3.09,ITEM,,,,,
FISHING,SHELLFISH,BIVALVES* (SUBTYP) (Mussels),MUSSELS,0.94,0.46,0.12,2.54,ITEM,,,,,
ANIMAL HUSBANDRY,PORK CURED MEAT,,NECK,4.03,4.03,3,5.05,TYPOLOGY,,,,,
CROPS,GRAINS,,OAT,0.7,0.67,0.38,1.1,ITEM,1788,1788,1788,1788,ok item
AGRICULTURAL PROCESSED,GRAIN FLOUR,,OAT MEAL,1.13,0.87,0.69,2.32,ITEM,2536,2536,2536,2536,ok item
FISHING,SHELLFISH,CEPHALOPOD (SUBTYP),OCTOPUS,5.8,5.8,4.25,7.35,TYPOLOGY,,,,,
FISHING,SHELLFISH FROZEN,,OCTOPUS (F),7.88,7.88,7.88,7.88,TYPOLOGY,,,,,
AGRICULTURAL PROCESSED,OIL,,OLIVE OIL,3.84,3.27,0.63,17.53,ITEM,14416,14416,14400,14431,ok item
CROPS,FRUIT OPENFIELD,OLIVES* (SUBTYP),OLIVES,0.59,0.64,0.22,0.85,ITEM,4972,3015,2750,9150,
CROPS,VEGETABLES OPENFIELD,ROOTS & BULBS (SUBTYP),ONION,0.24,0.22,0.06,0.52,ITEM,290,290,272,309,ok item
CROPS,FRUIT OPENFIELD,CITRUS FRUIT (SUBTYP),ORANGE,0.35,0.3,0.18,0.87,ITEM,654,654,560,748,ok item
AGRICULTURAL PROCESSED,FRUIT JUICE LOCAL,,ORANGE JUICE,0.62,0.46,0.24,2,ITEM,1019,1019,1018,1020,ok item
CROPS,NUTS,,PALM NUT,0.8,0.8,0.8,0.8,TYPOLOGY,2868,2868,2868,2868,ok item
AGRICULTURAL PROCESSED,OIL,,PALM OIL,2.32,2.43,1.01,3.32,ITEM,4971,4971,4971,4971,ok item
ANIMAL HUSBANDRY,CHEESE HARD & SEMIHARD,,PARMIGIANO REGGIANO,14.08,12.54,9.15,20.54,TYPOLOGY,10200,10200,10200,10200,typology
AGRICULTURAL PROCESSED,PASTA*,,PASTA*,1.24,1.21,0.55,2.3,ITEM,1651,1509,590,2517,item matching typology
CROPS,LEGUMES,,PEA,0.58,0.45,0.15,2.6,ITEM,1979,1979,1979,1979,ok item
CROPS,FRUIT OPENFIELD,"FRUIT OTHER (Excluded citrus, wild berries and olives) (SUBTYP)",PEACH,0.43,0.39,0.23,0.83,ITEM,827,910,450,1120,ok item
CROPS,NUTS,,PEANUT,0.89,0.83,0.28,1.35,ITEM,2645,2782,1330,3974,ok item
AGRICULTURAL PROCESSED,NUTS PASTE,,PEANUT BUTTER,1.15,1.15,1.15,1.15,TYPOLOGY,,,,,
AGRICULTURAL PROCESSED,OIL,,PEANUT OIL,2.9,2.9,0.94,4.86,TYPOLOGY,7529,7529,7529,7529,ok item
AGRICULTURAL PROCESSED,NUTS PASTE,,PEANUT PASTE,1.84,1.84,1.75,1.93,TYPOLOGY,,,,,
CROPS,FRUIT OPENFIELD,"FRUIT OTHER (Excluded citrus, wild berries and olives) (SUBTYP)",PEAR,0.29,0.27,0.16,0.63,ITEM,922,922,922,922,ok item
AGRICULTURAL PROCESSED,FRUIT JUICE LOCAL,,PEAR JUICE,0.49,0.49,0.46,0.52,TYPOLOGY,,,,,
ANIMAL HUSBANDRY,CHEESE HARD & SEMIHARD,,PECORINO,18.85,17.15,17.14,22.27,TYPOLOGY,,,,,
CROPS,VEGETABLES OPENFIELD,"VEGETABLES (fruits, steems, flowers) (SUBTYP)",PEPPER,0.58,0.65,0.19,0.87,ITEM,379,379,379,379,ok item
AGRICULTURAL PROCESSED,PESTO,,PESTO,2.71,2.71,2.6,2.83,TYPOLOGY,2099,2099,2099,2099,typology
AGRICULTURAL PROCESSED,PESTO,,PESTO WITHOUT GARLIC,2.72,2.72,2.72,2.72,TYPOLOGY,2249,2249,2249,2249,typology
CROPS,FRUIT OPENFIELD,"FRUIT OTHER (Excluded citrus, wild berries and olives) (SUBTYP)",PINEAPPLE,0.34,0.28,0.23,0.67,ITEM or TYPOLOGY,255,255,255,255,ok item
AGRICULTURAL PROCESSED,FRUIT JUICE (imported ingredients),,PINEAPPLE JUICE (I),2.78,2.78,2.72,2.84,TYPOLOGY,,,,,
CROPS,NUTS,,PISTACHIO,1.6,1.6,0.88,2.33,ITEM,11363,11363,11363,11363,ok item
FISHING,FISH,,PLAICE,6.13,6.13,6.13,6.13,TYPOLOGY,,,,,
AGRICULTURAL PROCESSED,CRACKERS,,PLAIN CRACKERS**,1.24,1.35,0.97,1.45,ITEM,1488,1448,1183,1933,ok item
CROPS,FRUIT OPENFIELD,"FRUIT OTHER (Excluded citrus, wild berries and olives) (SUBTYP)",PLUM,0.27,0.26,0.23,0.32,TYPOLOGY,2180,2180,2180,2180,ok item
FISHING,FISH,,POLLOCK,1.4,1.4,1.2,1.6,TYPOLOGY,,,,,
FISHING,FISH FROZEN,,POLLOCK (F),0.9,0.9,0.9,0.9,TYPOLOGY,,,,,
FISHING,FISH FROZEN,,POLLOCK STICK (F),2.14,2.14,2.14,2.14,TYPOLOGY,,,,,
CROPS,FRUIT IMPORTED,,POMEGRANATE (I),1.17,1.17,1.17,1.17,TYPOLOGY,,,,,
CROPS,FRUIT OPENFIELD,CITRUS FRUIT (SUBTYP),POMELO,0.51,0.51,0.51,0.51,TYPOLOGY,,,,,
FISHING,FISH,,POMFRET,6.63,6.63,3.49,9.77,TYPOLOGY,,,,,
FISHING,FISH,,PORBEAGLE,11.44,11.44,11.44,11.44,TYPOLOGY,,,,,
ANIMAL HUSBANDRY,PORK BONE FREE MEAT*,,PORK BONE FREE MEAT*,5.79,5.72,2.11,11.86,ITEM,6820,6299,4083,12271,item matching typology
ANIMAL HUSBANDRY,PORK CURED MEAT,,PORK HAM,7.93,7.95,3,12.84,ITEM,9850,9850,9100,10600,
ANIMAL HUSBANDRY,PORK MEAT WITH BONE*,,PORK MEAT WITH BONE*,3.5,3.44,1.3,7.06,ITEM,5798,5798,5798,5798,
ANIMAL HUSBANDRY,PORK CURED MEAT,,PORK SAUSAGES,17.94,17.94,17.94,17.94,TYPOLOGY,15600,15600,15600,15600,
CROPS,STARCHY TUBERS,,POTATO,0.25,0.24,0.08,0.45,ITEM,555,555,287,823,typology
FISHING,SHELLFISH,CRUSTACEAN* (SUBTYP) (Prawns/Shrimps),PRAWNS/SHRIMPS,11.95,7.04,2.89,38,ITEM,1705,1738,1448,2063,
FISHING,SHELLFISH FROZEN,,PRAWNS/SHRIMPS (F),17.73,15.07,5.81,35,ITEM,1705,1738,1448,2063,
CROPS,VEGETABLES OPENFIELD,"VEGETABLES (fruits, steems, flowers) (SUBTYP)",PUMPKIN,0.38,0.24,0.09,1.31,ITEM,479,400,336,700,typology
CROPS,GRAINS,,QUINOA,0.96,0.97,0.53,1.2,ITEM,,,,,
AGRICULTURAL PROCESSED,VEGETAL PROTEINS,,QUORNE,2.5,2.5,2.4,2.6,TYPOLOGY,2000,2000,2000,2000,typology
ANIMAL HUSBANDRY,RABBIT MEAT WITH BONE*,,RABBIT MEAT WITH BONE*,4.31,4.31,3.03,5.58,ITEM matching with TYPOLOGY,,,,,
CROPS,VEGETABLES OPENFIELD,ROOTS & BULBS (SUBTYP),RADISH,0.15,0.15,0.15,0.15,TYPOLOGY,,,,,
CROPS,DRIED FRUIT,,RAISIN,0.66,0.81,0.36,0.84,ITEM,2433,2433,2433,2433,
CROPS,SEEDS,,RAPE SEED,1.05,0.78,0.29,2.09,TYPOLOGY,,,,,
AGRICULTURAL PROCESSED,OIL,,RAPESEED OIL,2.4,1.79,0.4,4.3,ITEM,4301,4301,4301,4301,ok item
AGRICULTURAL PROCESSED,FRUIT FROZEN* (raspberry),,RASPBERRIES (F)*,1.18,1.18,1.18,1.18,ITEM matching with TYPOLOGY,413,413,413,413,
CROPS,FRUIT OPENFIELD,WILD BERRIES (SUBTYP),RASPBERRY,0.63,0.63,0.42,0.84,TYPOLOGY,413,413,413,413,ok item
FISHING,FISH,,RHOMBUS,8.41,8.41,8.41,8.41,TYPOLOGY,,,,,
AGRICULTURAL PROCESSED,VEGETAL MILK,,RICE MILK,0.8,0.66,0.64,1.09,TYPOLOGY,,,,,
CROPS,RICE*,,RICE*,2.54,2.19,0.24,6.45,ITEM,1651,1597,638,2672,
ANIMAL HUSBANDRY,CHEESE FRESH,,RICOTTA,3.4,3.4,3.4,3.4,TYPOLOGY,2590,2471,1628,3659,ok item
FISHING,FISH,,ROCK FISH,6.94,6.94,6.94,6.94,TYPOLOGY,,,,,
CROPS,FRUIT OPENFIELD,"FRUIT OTHER (Excluded citrus, wild berries and olives) (SUBTYP)",ROCKMELON,0.39,0.39,0.39,0.39,TYPOLOGY,,,,,
CROPS,GRAINS,,RYE,0.41,0.38,0.36,0.49,TYPOLOGY,1554,1554,1554,1554,ok item
FISHING,FISH,,SALMON,3.8,3.37,1.11,8.88,ITEM,2550,2193,1929,3527,ok item
FISHING,FISH FROZEN,,SALMON (F),1.99,1.61,0.55,4.2,ITEM,,,,,
FISHING,FISH,,SARDINE,0.9,0.9,0.5,1.41,ITEM,,,,,
FISHING,FISH,,SEABASS,3.59,3.6,1.91,5.76,ITEM,5222,6524,1141,7721,ok item
CROPS,SEEDS,,SESAM SEED,0.88,0.88,0.88,0.88,TYPOLOGY,9371,9371,9371,9371,ok item
FISHING,FISH,,SHARK,10.09,11.44,7.28,11.56,TYPOLOGY,,,,,
AGRICULTURAL PROCESSED,BISCUITS,,SIMPLE COOKIES**,1.5,1.39,1.11,2.35,ITEM,1684,1724,1167,2502,ok item
ANIMAL HUSBANDRY,SNAILS*,,SNAILS*,0.73,0.73,0.73,0.73,ITEM matching with TYPOLOGY,,,,,
FISHING,FISH,,SOLE,5.4,5.4,3.35,7.45,TYPOLOGY,,,,,
FISHING,FISH FROZEN,,SOLE (F),14.28,14.28,7.7,20.86,TYPOLOGY,,,,,
CROPS,GRAINS,,SORGHUM,0.88,0.88,0.88,0.88,TYPOLOGY,3048,3048,3048,3048,ok item
AGRICULTURAL PROCESSED,GRAIN FLOUR,,SORGHUM FLOUR,1.33,1.33,1.33,1.33,TYPOLOGY,,,,,
AGRICULTURAL PROCESSED,VEGETAL PROTEINS,,SOY BURGER,1.48,1.48,1.48,1.48,TYPOLOGY,1053,1053,1053,1053,ok item
AGRICULTURAL PROCESSED,VEGETAL CREAM* (soy cream),,SOY CREAM*,1.62,1.62,1.62,1.62,ITEM matching with TYPOLOGY,,,,,
AGRICULTURAL PROCESSED,LEGUME FLOUR,,SOY MEAL,0.62,0.62,0.34,0.9,TYPOLOGY,,,,,
AGRICULTURAL PROCESSED,VEGETAL MILK,,SOY MILK,0.85,0.78,0.28,1.4,ITEM,2030,2030,297,3763,
AGRICULTURAL PROCESSED,VEGETAL YOGURT (soy yogurt),,SOY YOGURT*,1.36,1.36,1.36,1.36,ITEM matching with TYPOLOGY,,,,,
CROPS,LEGUMES,,SOYBEAN,0.6,0.56,0.38,1.01,ITEM,1920,1816,1800,2145,typology
AGRICULTURAL PROCESSED,OIL,,SOYBEAN OIL,2.3,1.79,1.07,4.3,ITEM,4190,4190,4190,4190,ok item
CROPS,VEGETABLES OPENFIELD,GREEN LEAFY VEGETABLES (SUB TYP),SPINACH,0.48,0.34,0.18,0.93,ITEM,292,292,292,292,ok item
FISHING,SHELLFISH,CEPHALOPOD (SUBTYP),SQUID,7.51,6.91,4,11.61,TYPOLOGY,,,,,
ANIMAL HUSBANDRY,CHEESE FRESH,,STRACCHINO,4.92,4.92,4.92,4.92,TYPOLOGY,5600,5600,5600,5600,typology
CROPS,FRUIT OPENFIELD,WILD BERRIES (SUBTYP),STRAWBERRY,0.68,0.61,0.2,1.5,ITEM,275,248,229,347,typology
AGRICULTURAL PROCESSED,FRUIT JUICE (imported ingredients),,STRAWBERRY JUICE (I),2.68,2.68,2.68,2.68,TYPOLOGY,,,,,
AGRICULTURAL PROCESSED,OIL,,SUNFLOWER OIL,0.99,0.98,0.9,1.12,ITEM,6792,6792,6792,6792,ok item
CROPS,SEEDS,,SUNFLOWER SEED,1.16,1.16,0.91,1.41,TYPOLOGY,3366,3366,3366,3366,ok item
FISHING,FISH,,SWARDFISH,12.84,12.84,11.44,14.24,TYPOLOGY,,,,,
CROPS,VEGETABLES OPENFIELD,ROOTS & BULBS (SUBTYP),SWEDE,0.29,0.29,0.29,0.29,TYPOLOGY,,,,,
CROPS,STARCHY TUBERS,,SWEET POTATO,0.35,0.27,0.24,0.55,TYPOLOGY,383,383,383,383,ok item
CROPS,FRUIT OPENFIELD,CITRUS FRUIT (SUBTYP),TANGERIN,0.38,0.38,0.26,0.51,TYPOLOGY,748,748,748,748,ok item
AGRICULTURAL PROCESSED,DRESSING,,TEMPE',1.1,1.1,1.1,1.1,TYPOLOGY,,,,,
AGRICULTURAL PROCESSED,VEGETAL PROTEINS,,TOFU,2.33,2.27,1.07,3.72,ITEM,1725,1725,926,2523,typology
CROPS,VEGETABLES OPENFIELD,"VEGETABLES (fruits, steems, flowers) (SUBTYP)",TOMATO,0.48,0.45,0.15,2.29,ITEM,69,41,5,214,ok item
AGRICULTURAL PROCESSED,TOMATO SAUCE,,TOMATO & BASIL,1.15,1.14,1.02,1.29,ITEM,148,148,145,150,ok item
CROPS,VEGETABLES HEATED GREENHOUSE,,TOMATO (G),2.89,2.43,1.16,6.12,ITEM,,,,,
AGRICULTURAL PROCESSED,TOMATO SAUCE,,TOMATO ARRABBIATA,1.26,1.24,1.07,1.46,ITEM,155,155,148,162,ok item
AGRICULTURAL PROCESSED,"TOMATO PUREE,PEELED, CHOPPED",,TOMATO CHOPPED,1.41,1.47,1.14,1.56,ITEM,,,,,
AGRICULTURAL PROCESSED,"TOMATO PUREE,PEELED, CHOPPED",,TOMATO PEELED,1.28,1.3,1.22,1.31,TYPOLOGY,267,267,267,267,ok item
AGRICULTURAL PROCESSED,"TOMATO PUREE,PEELED, CHOPPED",,TOMATO PUREE,1.17,1.03,0.96,1.56,ITEM,713,713,713,713,ok item
FISHING,FISH,,TROUT,3.65,4.2,1.37,5.95,ITEM,2986,2188,1482,5289,ok item
FISHING,FISH FROZEN,,TROUT (F),4.38,4.38,4.23,4.52,TYPOLOGY,,,,,
FISHING,FISH,,TUNA,4.68,3.68,1.39,11.44,ITEM,,,,,
FISHING,FISH FROZEN,,TUNA (F),2.66,2.64,1.85,3.52,ITEM,,,,,
FISHING,FISH PROCESSED,,TUNA IN CAN,2,2.1,1.7,2.2,ITEM,,,,,
FISHING,FISH,,TURBOT,14.51,14.51,9.63,19.4,TYPOLOGY,1504,1504,1504,1504,ok item
ANIMAL HUSBANDRY,POULTRY BONE FREE MEAT,,TURKEY MEAT BONE FREE,5.11,4.08,2.81,8.49,ITEM or TYPOLOGY,4325,4325,4325,4325,
ANIMAL HUSBANDRY,POULTRY MEAT WITH BONE,,TURKEY MEAT WITH BONE,2.08,2.13,1.58,2.35,ITEM,,,,,
CROPS,VEGETABLES OPENFIELD,ROOTS & BULBS (SUBTYP),TURNIP,0.35,0.35,0.35,0.35,TYPOLOGY,195,195,195,195,ok item
AGRICULTURAL PROCESSED,ICE CREAM,,VANILLA,4.3,4.3,4.2,4.4,TYPOLOGY,126505,126505,126505,126505,
CROPS,NUTS,,WALNUT,1.75,2.06,0.63,3.03,ITEM,9173,9173,9065,9280,
CROPS,FRUIT OPENFIELD,"FRUIT OTHER (Excluded citrus, wild berries and olives) (SUBTYP)",WATERMELON,0.52,0.52,0.52,0.52,TYPOLOGY,185,185,136,235,ok item
CROPS,GRAINS,,WHEAT,0.67,0.57,0.18,3.08,ITEM,1795,1639,566,3710,ok item
AGRICULTURAL PROCESSED,GRAIN FLOUR,,WHEAT PLAIN FLOUR,0.61,0.52,0.33,1.18,ITEM,1849,1849,1849,1849,
FISHING,FISH,,WHITING,2.66,2.66,1.54,3.79,TYPOLOGY,,,,,
AGRICULTURAL PROCESSED,GRAIN FLOUR,,WHOLE WHEAT FLOUR,0.38,0.36,0.27,0.51,ITEM,,,,,
AGRICULTURAL PROCESSED,CRACKERS,,WHOLEGRAIN CRACKERS**,0.99,0.97,0.49,1.43,ITEM,833,617,389,2107,ok item
AGRICULTURAL PROCESSED,WINE,,WINE RED,1.02,0.87,0.32,2.13,ITEM,601,524,487,869,
AGRICULTURAL PROCESSED,WINE,,WINE WHITE,0.74,0.44,0.44,1.35,TYPOLOGY,601,524,487,869,
AGRICULTURAL PROCESSED,YEAST COMPRESSED*,,YEAST COMPRESSED*,0.82,0.82,0.82,0.82,ITEM matching with TYPOLOGY,51,51,51,51,item matching typology
ANIMAL HUSBANDRY,YOGURT,,YOGURT FLAVOURED**,2.81,2.85,2.16,3.85,ITEM,1659,1659,1618,1700,
ANIMAL HUSBANDRY,YOGURT,,YOGURT LACTOSE FREE,3.16,3.47,2.2,3.5,ITEM or TYPOLOGY,,,,,
ANIMAL HUSBANDRY,YOGURT,,YOGURT WHITE,2.1,1.69,1.17,4.07,ITEM,1605,1540,1186,2070,ok item
CROPS,VEGETABLES OPENFIELD,"VEGETABLES (fruits, steems, flowers) (SUBTYP)",ZUCCHINI,0.65,0.7,0.09,1.31,ITEM,336,336,336,336,ok item
