"Food_product","Category","Emissions per kilogram","Energy (cal/100 g)","Fat (g/100 g)","Carbohydrate (g/100 g)","Protein (g/100 g)","Land use per kilogram","Eutrophication per kilogram","Water scarcity per kilogram","Water use"
"Wine, red","Wine, beer and spirits","1.65","81.7","0","2","0.13","4.33","4.64","1925.67","93.54"
"Pecorino","Milk, dairy products and eggs","18.85","400","28.6","0","21.4",NULL,NULL,NULL,NULL
"Onion rings, frozen","Vegetables and vegetable products","0.77","257.6","14.1","30.6","3.5","2.10","8.20","3483.44","88.00"
"Simple cookies","Bread and bakery products","1.50","513","26.6","63.3","6.6",NULL,NULL,NULL,"1684.00"
"Peanut oil","Plant products and drinks","2.90","885.7","100","0","0",NULL,NULL,NULL,"7529.00"
"Pear juice","Beverages","0.49","50","0","12.5","0",NULL,NULL,NULL,NULL
"Soy burger","Plant products and drinks","1.48","112","1.4","8.4","19.7",NULL,NULL,NULL,"1053.00"
"Mashed potato, frozen","Vegetables and vegetable products","0.83","91","1.9","16.2","1.9","1.25","4.92","1349.04","45.35"
"Asiago","Milk, dairy products and eggs","10.24","460.7","39.3","3.2","25",NULL,NULL,NULL,NULL
"Potato wedges, frozen","Vegetables and vegetable products","0.66","163.5","7.4","22.3","2.4","1.69","7.28","1512.01","34.66"
"Swede","Vegetables and vegetable products","0.29","37","0.1","8.5","1.4",NULL,NULL,NULL,NULL
"Cookies, chocolate or cream filled","Bread and bakery products","1.69","482.1","21.4","75","3.6",NULL,NULL,NULL,"2895.00"
"Corn, canned","Vegetables and vegetable products","1.36","61.3","0.8","13.8","2.5",NULL,NULL,NULL,"807.00"
"Roast potatoes, frozen","Vegetables and vegetable products","1.20","125.3","2.0","25.3","2.0","2.44","13.33","2611.29","100.72"
"Cowpea","Legumes and legume products","0.48","333.3","1.2","59.5","23.8",NULL,NULL,NULL,"6906.00"
"Duck meat with bone","Meat and poultry","2.07","123.5","4.7","0","20",NULL,NULL,NULL,NULL
"Espresso","Beverages","0.55","6.7","0.3","0","0.3",NULL,NULL,NULL,NULL
"Azuki bean flour","Legumes and legume products","1.32",NULL,NULL,NULL,NULL,NULL,NULL,NULL,NULL
"Garden peas","Legumes and legume products","1.00","78.7","0","13.5","5.6","6.61","12.43","24784.79","346.79"
"Jacket potatoes, frozen","Vegetables and vegetable products","0.52","93.1","0.1","21.4","2.3","1.10","4.57","874.73","15.16"
"Rape seed","Nuts and seeds","1.05",NULL,NULL,NULL,NULL,NULL,NULL,NULL,NULL
"Broccoli, frozen","Vegetables and vegetable products","0.82","27.007648168","0.3","1.8","2.8",NULL,NULL,NULL,NULL
"Chocolate, bitter","Candy and sugar products","7.86","548.279158384","31.8","59.6","5.7",NULL,NULL,NULL,NULL
"Chocolate, milk","Candy and sugar products","4.99","544.455066608","31.7","62.4","7.1",NULL,NULL,NULL,NULL
"Sugar, brown","Candy and sugar products","2.45","388.145315264","0","94","0",NULL,NULL,NULL,NULL
"Sugar, white","Candy and sugar products","2.66","405.831739728","0","99.9","0",NULL,NULL,NULL,NULL
"Syrup, kitchen","Candy and sugar products","1.75","312.380496952","0","76.7","0.3",NULL,NULL,NULL,NULL
"Liquorice","Candy and sugar products","2.72","360.181644152","1","43.4","4.4",NULL,NULL,NULL,NULL
"Nut paste with cacao","Candy and sugar products","5.16","523.900573312","30","54.5","7",NULL,NULL,NULL,NULL
"Nutella","Candy and sugar products","5.16","544.455066608","31.6","57.6","6",NULL,NULL,NULL,NULL
"Meat-free sausages","Plant products and drinks","0.96","210","12.9","8.2","16.5","3.72","7.42","10216.00","173.41"
"Mozzarella cheese","Milk, dairy products and eggs","16.23","300","21.4","2.5","21.4","19.06","55.03","31345.41","1507.35"
"Nut loaf","Bread and bakery products","0.72","433.6","23.9","49.6","5.3","2.00","5.72","48441.68","885.10"
"Pancakes","Bread and bakery products","1.55","225.7","8.6","28.6","7.1","2.44","7.83","8778.75","340.56"
"Pasta","Cereals and cereal products","1.24","351.8","1.8","71.4","12.5",NULL,NULL,NULL,"1651.00"
"Peanut paste","Plant products and drinks","1.84","312.5","6.25","40.6","12.5",NULL,NULL,NULL,NULL
"Mango juice","Fruits and fruit products","2.96","19.2","0","4.6","0",NULL,NULL,NULL,NULL
"Almond butter","Plant products and drinks","0.39","612.5","56","19","22","7.68","18.72","402211.96","6846.47"
"Bread, multicereal","Bread and bakery products","0.70","222.2","2.2","40","8.9",NULL,NULL,NULL,"771.00"
"Chia seeds","Nuts and seeds","1.22","485.7","32.1","42.9","17.9","3.43","5.99","7534.35","210.90"
"Chicken, bone free","Meat and poultry","4.24","150.6","16.8","0.3","16.8",NULL,NULL,NULL,"4888.00"
"Salmon fishcakes","Seafood","6.51","190","9.3","11.3","15.3","3.36","35.14","12596.08","1074.93"
"Beer ","Wine, beer and spirits","0.69","36.328871872","0","2.7","0.3","0.83","2.82","2643.64","122.42"
"Brandy, cognac","Wine, beer and spirits","5.76","221.797323008","0","0","0",NULL,NULL,NULL,NULL
"Salmon,frozen","Seafood","1.99","199","19.4","0","19.4",NULL,NULL,NULL,NULL
"Sole, frozen","Seafood","14.28","85","1","0.1","18.8",NULL,NULL,NULL,NULL
"Soybean","Legumes and legume products","0.60","140","6.6","10.6","12",NULL,NULL,NULL,"1920.00"
"Soy yoghurt","Plant products and drinks","1.36","111","2.3","18.2","4.1","1.02","3.60","3004.15","196.37"
"Tomato puree","Seasonings and spices","1.17","47","0","2.8","0.4",NULL,NULL,NULL,"713.00"
"Cucumber, large, pickled","Vegetables and vegetable products","3.07","74.330783896","0.5","16.5","0.5",NULL,NULL,NULL,NULL
"Pecan nuts","Nuts and seeds","2.52","689.29","71.4","14.29","10.71","11.73","19.34","132414.07","3046.98"
"Muffins","Bread and bakery products","2.58","296.3","11.3","41.3","7.5","3.08","9.16","7872.71","412.93"
"Shortbread biscuits","Bread and bakery products","2.22","513","26.6","63.3","6.6","3.07","11.52","9510.63","514.05"
"Plain crackers","Cereals and cereal products","1.24","389","10.7","64.3","7.1",NULL,NULL,NULL,"1488.00"
"Sourdough bread","Bread and bakery products","0.85","272.5","2.5","52.5","10","2.37","5.42","8694.92","248.65"
"Poppadoms","Bread and bakery products","1.50","500","21.4","50.0","21.4","4.96","22.67","7616.90","293.58"
"Bagels","Bread and bakery products","0.80","263.8","1","52.3","10.5","2.26","6.05","7919.10","291.35"
"Sponge cake","Bread and bakery products","1.88","297","3.7","57.5","7.5","2.40","9.04","9002.76","487.89"
"Cracker biscuits","Bread and bakery products","2.45","483.3","16.7","70","6.7","4.46","14.00","18728.17","787.92"
"Doughnuts","Bread and bakery products","2.20","421.4","22.9","48.6","5.7","3.04","7.44","6221.50","252.76"
"Bread-crumbs","Bread and bakery products","1.84","355.640535168","1.5","69.8","11.6",NULL,NULL,NULL,NULL
"Butter cookie","Bread and bakery products","3.23","519.598470064","27.1","61.7","5.4",NULL,NULL,NULL,NULL
"Cookie","Bread and bakery products","3.67","423.996175664","17","58.1","4","7.18","14.74","14563.95","765.91"
"Crispbread, rye","Bread and bakery products","1.62","346.319311464","2","61","10.2",NULL,NULL,NULL,NULL
"Rye bread crumbs with brown sugar","Bread and bakery products","2.21","352.055449128","2","71.2","6.5",NULL,NULL,NULL,NULL
"Tortilla bread","Bread and bakery products","1.16","310.707456800","7.5","51","8","2.26","5.00","8711.00","231.84"
"Wafer sticks","Bread and bakery products","2.74","509.799234888","25.7","63","4.6",NULL,NULL,NULL,NULL
"Wheat toast","Bread and bakery products","1.16","257.409177672","2.8","47","8.7",NULL,NULL,NULL,NULL
"Granola bar","Bread and bakery products","4.75","437.380496880","15","57.8","6.7",NULL,NULL,NULL,NULL
"Yeast, compressed","Bread and bakery products","1.18","114.483747544","1.9","0","8.4",NULL,NULL,NULL,"51.00"
"Baguette","Bread and bakery products","1.00","250.956022800","1","56","8","2.20","8.17","9360.78","345.31"
"Bread, frozen","Bread and bakery products","1.31",NULL,NULL,NULL,NULL,NULL,NULL,NULL,NULL
"American inspired cookie","Bread and bakery products","2.82","511.233269304","26.5","58.4","5.9",NULL,NULL,NULL,NULL
"Sweet potato","Vegetables and vegetable products","0.35","79","0.07","16.9","1.5",NULL,NULL,NULL,"383.00"
"Tempeh","Seasonings and spices","1.10","191","10.5","7","20",NULL,NULL,NULL,NULL
"Tofu","Plant products and drinks","1.02","78","4.1","5.8","9.1","3.03","5.55","1032.45","31.18"
"Tomato arrabbiata","Seasonings and spices","1.26","100","8","6.4","0.8",NULL,NULL,NULL,"155.00"
"Chili","Seasonings and spices","0.80","280","16","40","12",NULL,NULL,NULL,"7365.00"
"Hazelnut covered with chocolate","Candy and sugar products","3.43",NULL,"46.4","39.3","10.7",NULL,NULL,NULL,NULL
"Mascarpone","Milk, dairy products and eggs","5.70","428.6","42.9","3.6","7.1",NULL,NULL,NULL,"6100.00"
"Pork chops","Meat and poultry","12.16","151.3","8.85","0","18.58","17.31","76.00","57088.77","1642.01"
"Cassava, raw","Vegetables and vegetable products","0.70","157.504780024","0.3","36.3","1.4",NULL,NULL,NULL,NULL
"Cauliflower","Vegetables and vegetable products","0.89","27.724665376","0.4","1.9","2.4","0.79","5.94","5347.11","136.94"
"Chives","Vegetables and vegetable products","0.43","25.573613752","0.6","1.5","2.4",NULL,NULL,NULL,NULL
"Corn cob","Vegetables and vegetable products","0.98","106.0707456368","2.4","22","3.1",NULL,NULL,NULL,NULL
"Squash, raw","Vegetables and vegetable products","0.84","19.359464616","0.2","2.4","1.4",NULL,NULL,NULL,NULL
"Sugar pea (snap pea, mangetout) ","Vegetables and vegetable products","1.34","48.279158672","0.3","6.4","3.8",NULL,NULL,NULL,NULL
"Celeriac, celery root","Vegetables and vegetable products","0.38","34.177820248","0.3","2","1.8",NULL,NULL,NULL,NULL
"Tomato","Vegetables and vegetable products","2.27","20.793499032","0.1","3.2","0.8","0.89","6.02","4959.11","291.67"
"Celery","Vegetables and vegetable products","0.38","23.422562128","0.2","1.9","0.7",NULL,NULL,NULL,NULL
"Oyster mushroom","Vegetables and vegetable products","0.38","43.499043952","0.4","6.5","3.3",NULL,NULL,NULL,NULL
"Parsley root","Vegetables and vegetable products","0.95","55.449330752","0.6","8","2.3",NULL,NULL,NULL,NULL
"Artichoke","Vegetables and vegetable products","0.98","52.103250448","0.1","8.1","3.3",NULL,NULL,NULL,"818.00"
"Parsley","Vegetables and vegetable products","0.45","48.040152936","1.1","1.2","3.7",NULL,NULL,NULL,NULL
"Peas, frozen","Vegetables and vegetable products","1.62","74.091778160","0.7","8.4","6.1",NULL,NULL,NULL,NULL
"Peas, green","Vegetables and vegetable products","1.27","70.267686384","0.7","6.5","5.9",NULL,NULL,NULL,NULL
"Pepper, sweet","Vegetables and vegetable products","1.07","31.787762888","0.1","5.2","0.9",NULL,NULL,NULL,NULL
"Kiwi juice","Fruits and fruit products","2.84",NULL,NULL,NULL,NULL,NULL,NULL,NULL,NULL
"Blueberries, raw","Fruits and fruit products","1.22","52.342256184","0.5","10.4","0.7",NULL,NULL,NULL,NULL
"Cherry","Fruits and fruit products","1.20","55.927342224","0.3","11.7","1.4",NULL,NULL,NULL,NULL
"Currant, red, raw","Fruits and fruit products","0.80","63.336520040","1.7","9.3","1.3",NULL,NULL,NULL,NULL
"Pineapple ","Fruits and fruit products","0.93","55.927342224","0.4","10.8","0.5","1.02","14.00","14274.45","793.04"
"Plum","Fruits and fruit products","0.90","47.562141464","0.3","9.2","0.5",NULL,NULL,NULL,NULL
"Elderberry","Fruits and fruit products","1.38","67.160611816","0.5","11.6","0.7",NULL,NULL,NULL,NULL
"Raspberry","Fruits and fruit products","8.37","51.386233240","1.3","4","1.4","1.54","4.96","3090.70","45.71"
"Strawberry","Fruits and fruit products","3.24","38.718929232","0.6","6.1","0.7","3.45","3.83","12006.43","349.20"
"Watermelon ","Fruits and fruit products","0.97","33.460803040","0.1","6.5","0.8","1.01","13.12","13528.75","743.31"
"Rose hip, raw","Fruits and fruit products","0.72","79.349904352","0.5","15","0.6",NULL,NULL,NULL,NULL
"Grapefruit","Fruits and fruit products","0.77","44.216061160","0.3","7","0.9",NULL,NULL,NULL,NULL
"Kiwi","Fruits and fruit products","1.61","62.858508568","0.8","11.7","1","1.07","13.20","13204.75","726.69"
"Lemon","Fruits and fruit products","0.67","44.694072632","1.1","3.1","0.5","0.61","1.62","9155.02","123.26"
"Mango","Fruits and fruit products","1.01","67.399617552","0.5","14.2","0.5",NULL,NULL,NULL,"2000.00"
"Lime","Fruits and fruit products","0.60","37.045889080","0.2","7.7","0.7","0.63","1.62","8802.71","121.70"
"Melon ","Fruits and fruit products","1.06","27.007648168","0.2","5.4","0.6","0.99","11.07","11885.66","619.19"
"Nectarine","Fruits and fruit products","0.71","42.304015272","0","7.8","0.8",NULL,NULL,NULL,NULL
"Orange","Fruits and fruit products","0.56","48.996175880","0.1","8.2","0.9","0.67","1.60","7715.90","115.54"
"Apricot","Fruits and fruit products","0.87","40.630975120","0.3","7.3","1.3",NULL,NULL,NULL,NULL
"Peach","Fruits and fruit products","0.71","49.235181616","0.4","7.8","0.7",NULL,NULL,NULL,"827.00"
"Beef, mince, 15-20% fat","Meat and poultry","45.47","215.822179608","16.2","0","17.8",NULL,NULL,NULL,NULL
"Beef, mince, 5-10% fat","Meat and poultry","50.61","163.240917688","9.5","0","19.5",NULL,NULL,NULL,NULL
"Beef, rump, raw","Meat and poultry","67.82","210.086041944","14.9","0","19.3",NULL,NULL,NULL,NULL
"Sausage, beef salami","Meat and poultry","49.16","401.768642216","36.2","0","20.1",NULL,NULL,NULL,NULL
"Chicken sausage","Meat and poultry","8.16","192.638623216","15","1.9","12.8","8.33","34.35","11978.28","483.11"
"Chicken, breast, boiled","Meat and poultry","4.78","113.527724600","3.2","0.4","20.6",NULL,NULL,NULL,NULL
"Chicken, breast","Meat and poultry","9.27","148.900573528","6.9","0","21.5","9.22","37.36","13741.16","563.92"
"Chicken, drumstick","Meat and poultry","1.88","154.636711192","8.9","0","18.7",NULL,NULL,NULL,NULL
"Chicken, leg, flesh and skin, raw","Meat and poultry","1.98","151.768642360","8.7","0","18.4",NULL,NULL,NULL,NULL
"Chicken, whole","Meat and poultry","3.27","151.768642360","8.9","0.5","18",NULL,NULL,NULL,NULL
"Chorizo, sliced","Meat and poultry","5.96","287.284894672","21","1","24",NULL,NULL,NULL,NULL
"Cocktail sausages","Meat and poultry","2.16","322.418737864","28","3.4","15",NULL,NULL,NULL,NULL
"Pork, ham, topside, lean","Meat and poultry","4.64","106.596558256","2.2","0","21.4",NULL,NULL,NULL,NULL
"Pork, liver paste","Meat and poultry","3.96","236.376672904","19.2","4.7","11.3",NULL,NULL,NULL,NULL
"Pheasant, flesh and skin, raw","Meat and poultry","3.27","170.172084032","9.3","0","21.7",NULL,NULL,NULL,NULL
"Pork, bone free meat","Meat and poultry","5.79",NULL,NULL,NULL,NULL,NULL,NULL,NULL,"6820.00"
"Pork, with bone","Meat and poultry","3.50",NULL,NULL,NULL,NULL,NULL,NULL,NULL,"5798.00"
"Pork, loin, lean, raw","Meat and poultry","5.53","107.552581200","1.9","0","22.3",NULL,NULL,NULL,NULL
"Pineapple juice","Fruits and fruit products","2.78","55.8","0","14.0","0.4",NULL,NULL,NULL,NULL
"Parsnips","Vegetables and vegetable products","0.99","75","8.6","17.5","1.25","1.81","6.20","1110.52","12.65"
"Pomegranate ","Fruits and fruit products","1.17","364","0","95.5","0",NULL,NULL,NULL,NULL
"Maize flour","Cereals and cereal products","0.79","366.7","2.7","76.7","6.7",NULL,NULL,NULL,"1383.00"
"Pork loin","Meat and poultry","11.98","136.7","5.3","0","5.3","16.46","75.59","57525.90","1611.19"
"Strawberry juice","Fruits and fruit products","2.68","50","0","12","0.4",NULL,NULL,NULL,NULL
"Chocolate spread","Candy and sugar products","5.37","510.8","29.7","59.5","5.4","9.38","22.96","42638.17","1215.29"
"Courgettes","Vegetables and vegetable products","0.85","16.9","0.3","3.2","1.6","1.27","2.94","27733.46","322.96"
"Eggplant","Vegetables and vegetable products","0.45","25.6","0.1","6.1","1",NULL,NULL,NULL,"362.00"
"Pork, mince, 15-20% fat","Meat and poultry","3.75","222.036328744","17.2","0","17.1",NULL,NULL,NULL,NULL
"Pork, mince, 5-10% fat","Meat and poultry","3.67","173.518164336","11.2","0","18.4",NULL,NULL,NULL,NULL
"Pork, saddle, smoked, boiled","Meat and poultry","4.28","121.414913888","4.9","0","18.4",NULL,NULL,NULL,NULL
"Pork, sausage","Meat and poultry","2.76","216.778202552","17.4","4.7","12.2",NULL,NULL,NULL,NULL
"Peas, dry","Legumes and legume products","3.60","368.307839176","6.9","45.9","20.4",NULL,NULL,NULL,NULL
"Pig liver","Meat and poultry","2.98","124.043976984","5.4","6.9","11.9",NULL,NULL,NULL,NULL
"Meatballs","Meat and poultry","3.61","217.017208288","15","6.5","14",NULL,NULL,NULL,NULL
"Minced chicken","Meat and poultry","5.71","148.422562056","8.5","0","18",NULL,NULL,NULL,NULL
"Almonds","Nuts and seeds","0.60",NULL,NULL,NULL,NULL,"8.23","18.60","372799.10","6413.31"
"Burger buns","Milk, dairy products and eggs","1.16","300.669215888","5.6","53","8.6",NULL,NULL,NULL,NULL
"Bream","Seafood","8.03","108.030592672","4","0","16.7",NULL,NULL,NULL,NULL
"Anglerfish","Seafood","12.29",NULL,NULL,NULL,NULL,NULL,NULL,NULL,NULL
"Nougat","Candy and sugar products","5.89","548.996175592","32.3","55.9","8.7",NULL,NULL,NULL,NULL
"Banana","Fruits and fruit products","0.87","94.646271456","0.2","19.7","1.1","2.64","3.46","331.91","52.05"
"Blackberry","Fruits and fruit products","1.38","36.567877608","1","4.5","1.4",NULL,NULL,NULL,NULL
"Beef, fillet, defatted, raw","Meat and poultry","227.85","137.667303936","6.4","0","20",NULL,NULL,NULL,NULL
"Beef, low fat ","Meat and poultry","53.19","136.233269520","5.5","0.5","21",NULL,NULL,NULL,NULL
"Beef, mince, 10-15% fat","Meat and poultry","48.04","164.196940632","9.7","0","19.4",NULL,NULL,NULL,NULL
"Barley groats, raw","Cereals and cereal products","1.78","352.772466336","2.4","62.2","9.9",NULL,NULL,NULL,NULL
"Bulgur, parboiled","Cereals and cereal products","1.87","345.124282784","1.9","45.5","11.8",NULL,NULL,NULL,NULL
"Breakfast cereal","Cereals and cereal products","2.68","391.491395568","1.3","78.1","7.2","2.90","9.51","12400.22","502.10"
"Breakfast cereal, musli","Cereals and cereal products","2.31","407.265774144","11.1","56","10.1",NULL,NULL,NULL,NULL
"Basil, fresh","Vegetables and vegetable products","0.38","22.01481834296","0.6","2.7","3.2",NULL,NULL,NULL,NULL
"Beans ","Vegetables and vegetable products","1.37","30.114722736","0.2","5.9","1.9","17.07","10.77","0.69","0.08"
"Beetroot ","Vegetables and vegetable products","0.33","52.581261920","0.3","9.9","1.7",NULL,NULL,NULL,NULL
"Broccoli","Vegetables and vegetable products","0.90","35.372848928","0.2","2.1","3.6","1.00","5.10","15385.29","224.90"
"Brussels sprouts","Vegetables and vegetable products","0.29","53.298279128","0.5","4.4","4.5",NULL,NULL,NULL,NULL
"Buffalo, bone free","Meat and poultry","71.39",NULL,NULL,NULL,NULL,NULL,NULL,NULL,NULL
"Beef, bone free","Meat and poultry","27.72",NULL,NULL,NULL,NULL,NULL,NULL,NULL,"16252.00"
"Beet sugar","Plant products and drinks","0.89",NULL,NULL,NULL,NULL,NULL,NULL,NULL,"871.00"
"Bamboo shoots, canned, nonsalted","Vegetables and vegetable products","1.37","25.334608016","0.1","3.2","2.6",NULL,NULL,NULL,NULL
"Blueberry, frozen","Fruits and fruit products","0.99","53.537284864","0.6","10.7","0.4",NULL,NULL,NULL,NULL
"Black beans","Legumes and legume products","1.17","72.418738008","0.6","8","5.3",NULL,NULL,NULL,NULL
"Bean sprouts","Legumes and legume products","0.95","37.523900552","0.3","5.1","3",NULL,NULL,NULL,NULL
"Barnacle","Seafood","4.32",NULL,NULL,NULL,NULL,NULL,NULL,NULL,NULL
"Bottled still water","Beverages","0.49","0.000000000","0","0","0",NULL,NULL,NULL,NULL
"Alcoholic soda, 4%","Wine, beer and spirits","0.90","16.013384312","0","9","0",NULL,NULL,NULL,NULL
"Bread, white","Bread and bakery products","1.16","288.479923352","4","49.4","10.5","2.24","6.02","7726.02","241.91"
"Biscuit","Bread and bakery products","3.99","438.336519824","10.6","72.5","7.7","7.88","14.22","8143.74","481.18"
"Caviar, roe, lump-sucker","Seafood","4.16","105.879541048","5.7","0.8","12.9",NULL,NULL,NULL,NULL
"Caviar, made from capelin roe","Seafood","4.15","184.034416720","14","5.7","9.1",NULL,NULL,NULL,NULL
"Apple juice ","Beverages","2.84","48.757170144","0.5","10.2","0.5","0.66","1.91","3286.83","1141.00"
"Cheese, brie, 45 %","Milk, dairy products and eggs","1.60","282.504779952","22","0.1","20.3",NULL,NULL,NULL,NULL
"Cod fillet","Seafood","10.90","76.481835520","0.6","0","17.6","5.27","52.70","32541.33","3177.81"
"Cod, fillet, breaded","Seafood","2.41","116.156787696","0.8","12.9","13.7",NULL,NULL,NULL,NULL
"Cod, liver, canned","Seafood","9.03","523.900573312","55.1","1","4.6",NULL,NULL,NULL,NULL
"Cod, liver","Seafood","2.81","613.766730048","66.6","1","5.1",NULL,NULL,NULL,NULL
"Cod, liver, smoked","Seafood","3.58","613.766730048","66.6","1","5.1",NULL,NULL,NULL,NULL
"Cod, roe, canned","Seafood","4.24","99.665391912","3.7","2.7","13.7",NULL,NULL,NULL,NULL
"Cod, roe","Seafood","4.15","121.414913888","2.6","1.5","23.2",NULL,NULL,NULL,NULL
"Coffee beans ","Beverages","16.82","398.661567648","15.4","28.5","14.6","19.39","65.44","229.10","16.21"
"Coffee, instant, powder","Beverages","17.28","303.537284720","1.7","11","19.5",NULL,NULL,NULL,NULL
"Corn flakes, average values","Cereals and cereal products","2.39","379.063097296","1.4","82","7.5",NULL,NULL,NULL,NULL
"Corn flour","Cereals and cereal products","1.61","365.200764608","2.8","88.3","6.8",NULL,NULL,NULL,NULL
"Cabbage ","Vegetables and vegetable products","0.89","31.787762888","0.2","4.5","1.2","0.80","6.20","4601.96","131.31"
"Cabbage, pak-choi","Vegetables and vegetable products","0.29","14.579349896","0.2","1.2","1.5",NULL,NULL,NULL,NULL
"Cabbage, red","Vegetables and vegetable products","0.29","31.787762888","0.2","4","1.5",NULL,NULL,NULL,NULL
"Cabbage, savoy","Vegetables and vegetable products","0.29","27.007648168","0.1","3","2",NULL,NULL,NULL,NULL
"Ale","Wine, beer and spirits","0.49","43","0","4","1","0.81","1.63","1891.15","49.40"
"Almond paste","Plant products and drinks","2.98","459.4","29","46","11",NULL,NULL,NULL,NULL
"Anchovy","Seafood","0.81","210","6","0","22",NULL,NULL,NULL,NULL
"Banana loaf","Bread and bakery products","1.87","326.3","10","55","3.8","3.27","9.28","8368.77","444.23"
"Beans, frozen","Legumes and legume products","1.77","38.8","0.2","7.1","2.4",NULL,NULL,NULL,"801.00"
"Beef steak","Meat and poultry","129.75","153.1","3.5","0","23","427.33","360.73","48932.71","1954.35"
"Brazil nuts","Nuts and seeds","2.51","682.1","63.5","14.1","14.1","12.81","19.62","145555.74","3270.80"
"Brie","Milk, dairy products and eggs","19.14","335.7","28.6","0.4","21.4","22.45","64.27","36540.90","1765.55"
"Carp","Seafood","1.80","127","5.9","0","17.6",NULL,NULL,NULL,"2364.00"
"Squid","Seafood","7.51","91","1.2","3.5","16.4",NULL,NULL,NULL,NULL
"Cranberry juice","Fruits and fruit products","2.88","45.8","0.1","12.1","0.4",NULL,NULL,NULL,NULL
"Lamb chops","Meat and poultry","30.90","192","10.6","0","18.6","43.66","23.50","995.28","86.27"
"Cabbage, spring","Vegetables and vegetable products","0.29","26.768642432","0.3","3","2",NULL,NULL,NULL,NULL
"Carrot","Vegetables and vegetable products","0.94","36.328871872","0.4","6.2","0.7","1.60","5.89","771.32","195.00"
"Aubergine","Vegetables and vegetable products","0.99","19.837476088","0.1","3.1","0.9",NULL,NULL,NULL,NULL
"Camembert","Milk, dairy products and eggs","16.28","289.196940560","24","0.5","21","19.04","55.36","31867.99","1529.72"
"Pikeperch, raw","Seafood","3.67","87.954110848","0.7","0.5","19.2",NULL,NULL,NULL,NULL
"Plaice, fillet, breaded, frozen","Seafood","2.45","137.906309672","1.1","19.1","11.9",NULL,NULL,NULL,NULL
"Plaice, raw","Seafood","2.81","88.193116584","1.9","0","17.5",NULL,NULL,NULL,NULL
"Curry powder","Seasonings and spices","6.09","339.627150856","13.8","25.2","12.7",NULL,NULL,NULL,NULL
"Diamond fish","Seafood","7.56",NULL,NULL,NULL,NULL,NULL,NULL,NULL,NULL
"Cream, cultured, 18 % fat","Milk, dairy products and eggs","1.57","189.531548648","18.6","2.8","2.8",NULL,NULL,NULL,NULL
"Coffee green","Beverages","0.49",NULL,NULL,NULL,NULL,NULL,NULL,NULL,NULL
"Coffee, parchment","Beverages","8.47",NULL,NULL,NULL,NULL,NULL,NULL,NULL,NULL
"Carrot, frozen","Vegetables and vegetable products","0.38","29.636711264","0.2","4.7","1.1",NULL,NULL,NULL,NULL
"Cashew nuts ","Nuts and seeds","12.47","598.470362944","46.4","26.9","18.1","11.72","19.29","163311.32","3504.34"
"Cauliflower, frozen","Vegetables and vegetable products","0.82","27.485659640","0.3","3.7","2",NULL,NULL,NULL,NULL
"Cheese","Milk, dairy products and eggs","9.29",NULL,NULL,NULL,NULL,NULL,NULL,NULL,"5051.00"
"Chestnut","Nuts and seeds","2.31","190.487571592","2.7","33.9","2",NULL,NULL,NULL,NULL
"Chewing gum, no sugar added, all types","Candy and sugar products","5.94","346.797322936","0","83.6","0.6",NULL,NULL,NULL,NULL
"Pesto without garlic","Seasonings and spices","2.72",NULL,NULL,NULL,NULL,NULL,NULL,NULL,"2249.00"
"Butter","Seasonings and spices","9.90","728.250477592","81.5","0.6","0.7","3.62","10.51","6142.52","5544.00"
"Cornichons","Vegetables and vegetable products","3.07","26.290630960","1.3","2.2","1",NULL,NULL,NULL,NULL
"Chickpeas ","Legumes and legume products","1.34","72.418738008","1","9","4","15.57","9.68","9747.77","4177.00"
"Pizzasauce","Vegetables and vegetable products","1.92","35.850860400","0.5","5.4","1.6",NULL,NULL,NULL,NULL
"Pineapple, canned","Fruits and fruit products","1.13","64.292542984","0.3","3.7","0.4",NULL,NULL,NULL,NULL
"Coffee, pods","Beverages","20.30",NULL,NULL,NULL,NULL,"13.77","76.79","2873.81","199.55"
"Cider ","Wine, beer and spirits","1.15","56.644359432","0","7.3","0","0.91","3.19","12617.80","242.71"
"Potato flour","Vegetables and vegetable products","1.68","347.753345880","0.1","85","0.2",NULL,NULL,NULL,NULL
"Cocoa, powder","Beverages","17.30","402.007647952","14","60","20",NULL,NULL,NULL,NULL
"Currant, black, raw","Fruits and fruit products","0.80","75.047801104","1.3","9.9","1.5",NULL,NULL,NULL,NULL
"Pork sausage","Meat and poultry","9.77","280.114722592","24.5","1.1","14.4","13.56","60.90","45559.16","1292.22"
"Pork, collar with rind","Meat and poultry","4.64","272.227533304","23.4","0","16.1",NULL,NULL,NULL,NULL
"Pork, collar, defatted","Meat and poultry","4.69","180.688336416","12.4","0","17.4",NULL,NULL,NULL,NULL
"Pork, flank, spiced, cooked","Meat and poultry","4.28","204.110898544","22.8",NULL,NULL,NULL,NULL,NULL,NULL
"Quinoa ","Cereals and cereal products","4.63","349.187380296","6.5","42.3","13.7","3.23","5.67","7388.28","210.35"
"Cress","Vegetables and vegetable products","0.45","26.529636696","0.5","0.2","2.8",NULL,NULL,NULL,NULL
"Cucumber ","Vegetables and vegetable products","0.85","11.950286800","0","1.6","0.7","1.08","2.51","27682.78","318.78"
"Dill, raw","Vegetables and vegetable products","0.45","48.040152936","1.1","4.9","3.5",NULL,NULL,NULL,NULL
"Portobello mushroom","Vegetables and vegetable products","0.26","32.743785832","1.5","5.1","2.5",NULL,NULL,NULL,NULL
"Potatoe","Vegetables and vegetable products","0.41","77.915869936","0.3","17.9","2","0.80","1.44","7340.24","80.81"
"Pumpkin, raw","Vegetables and vegetable products","0.84","17.925430200","0.1","3.3","0.6",NULL,NULL,NULL,NULL
"Radish, raw","Vegetables and vegetable products","0.45","11.472275328","0.1","1.3","0.8",NULL,NULL,NULL,NULL
"Salmon ","Seafood","10.41","226.338431992","18.3","0","15.8","4.75","57.76","13113.26","1360.68"
"Salmon, cold smoked","Seafood","2.78","169.933078296","8.9","1.6","20.9",NULL,NULL,NULL,NULL
"Salmon, hot smoked","Seafood","3.08","264.818355488","20.7","0","20.1",NULL,NULL,NULL,NULL
"Sardine","Seafood","0.90","107","2.3","0","20",NULL,NULL,NULL,NULL
"Popcorn","Cereals and cereal products","1.81","159.5","7.1","21.4","7.1","3.18","8.92","8631.52","316.85"
"Pork ham","Meat and poultry","7.93","137.6","5.3","5.3","15.9",NULL,NULL,NULL,"9850.00"
"Blueberry juice","Fruits and fruit products","3.00","37.9","0","11.3","0",NULL,NULL,NULL,NULL
"Bread, whole","Bread and bakery products","0.78","257.5","2.5","45","12.5",NULL,NULL,NULL,"851.00"
"Buckwheat flour","Cereals and cereal products","1.96","353.3","2.7","73.3","10",NULL,NULL,NULL,NULL
"Carrob","Fruits and fruit products","1.10","340","0","70","10",NULL,NULL,NULL,NULL
"Carrots canned","Vegetables and vegetable products","1.60","24.7","0.24","5.9","0.6",NULL,NULL,NULL,NULL
"Potato croquettes","Vegetables and vegetable products","0.77","250","10","40","2","1.41","4.63","2664.94","71.92"
"Cherry tomatoes","Vegetables and vegetable products","2.27","21.3","0","3.3","0.7","0.93","6.08","7488.01","318.57"
"Chicken thighs","Meat and poultry","9.98","143.5","8.2","0","18.8","9.85","39.87","14026.46","577.23"
"Chicken wings","Meat and poultry","9.58","190","12.5","0","17.5","9.51","39.02","15450.92","631.83"
"Chocolate biscuits","Bread and bakery products","5.08","464.7","17.6","70.6","5.9","13.57","16.13","8165.85","524.26"
"Chocolate cereals","Cereals and cereal products","2.88","414.6","12.2","75.6","7.3","7.38","13.32","30695.35","899.72"
"Clementine","Fruits and fruit products","0.42","46.7","0.1","12","0.8",NULL,NULL,NULL,"748.00"
"Coconut oil","Plant products and drinks","0.53","892.9","100","0","0","0.73","6.51","6763.58","345.99"
"Cod","Seafood","3.29","82.4","0.8","0","22.4",NULL,NULL,NULL,"2795.00"
"Coffee, drip filtered","Beverages","0.60","0","0","100","0",NULL,NULL,NULL,NULL
"Coffee,ground","Beverages","5.13","50.5","5","0","10",NULL,NULL,NULL,NULL
"Rice milk","Plant products and drinks","1.44","50.7","0.9","10.2","0.4","0.52","5.67","9387.36","474.15"
"Tuna, frozen","Seafood","2.66","78","4.1","0","9.1",NULL,NULL,NULL,NULL
"Cottage cheese","Milk, dairy products and eggs","25.28","100","4.4","3.5","11.5","29.92","85.79","49595.31","2418.44"
"Rock fish","Seafood","6.94","109.4","1.8","0","22.0",NULL,NULL,NULL,NULL
"Charr","Seafood","6.91","98.948374704","2.7","0","18.5",NULL,NULL,NULL,NULL
"Ricemilk, with added calcium","Milk, dairy products and eggs","1.40","54.971319280","0.9","6.9","0.1",NULL,NULL,NULL,NULL
"Shrimp, boiled, in brine","Seafood","8.40","72.418738008","0.9","0.4","15.5",NULL,NULL,NULL,NULL
"Shrimps, boiled, shell removed","Seafood","8.40","69.550669176","0.8","0","15.3",NULL,NULL,NULL,NULL
"Shrimps, canned","Seafood","9.71","80.305927296","1.2","0.8","16.5",NULL,NULL,NULL,NULL
"Smoothie, strawberry blueberry","Beverages","1.84","43.738049688","0","9.5","0.4",NULL,NULL,NULL,NULL
"Soft drink, sugar added","Beverages","0.59","40.630975120","0","9.9","0",NULL,NULL,NULL,NULL
"Tuna, in tomato sauce, canned","Seafood","4.48","114.244741808","2.9","4.6","17.2",NULL,NULL,NULL,NULL
"Tuna, in water, canned","Seafood","4.03","107.791586936","1.2","0","23.9",NULL,NULL,NULL,NULL
"Quorne","Plant products and drinks","2.50",NULL,NULL,NULL,NULL,NULL,NULL,NULL,"2000.00"
"Sunflower oil","Plant products and drinks","3.66","884.321223200","100","0","0","19.46","88.06","1279.49","23.19"
"Prune, dried plum","Fruits and fruit products","2.73","232.313575392","0.7","54.6","2.7",NULL,NULL,NULL,NULL
"Strawberries, frozen","Fruits and fruit products","0.60","41.347992328","0.4","5.9","0.4",NULL,NULL,NULL,NULL
"Strawberry jam","Fruits and fruit products","2.60","204.827915752","0.3","49","0.3","2.97","13.65","15682.25","949.70"
"Sherry, dry","Wine, beer and spirits","2.91","116.395793432","0","1.3","0.2",NULL,NULL,NULL,NULL
"Pumpkin seeds ","Nuts and seeds","5.69","561.902485336","45.9","2","36.3","3.34","5.71","7409.42","212.61"
"Sunflower seeds ","Nuts and seeds","3.13","612.810707104","54.4","3.6","24.2","10.98","49.43","812.85","14.26"
"Sesame seeds, decorticated","Nuts and seeds","7.30","635.038240552","57.4","1.8","26.8",NULL,NULL,NULL,NULL
"Potato, canned","Vegetables and vegetable products","0.99","56.405353696","0.2","10.9","1.4",NULL,NULL,NULL,NULL
"Potatoes, mashed, instant powder with dry milk","Vegetables and vegetable products","5.38","336.520076288","1.1","62.5","10.9",NULL,NULL,NULL,NULL
"Sweetcorn ","Vegetables and vegetable products","0.97","102.294455008","1.1","16.1","3.1","2.08","4.07","7993.13","157.24"
"Salsa, hot","Vegetables and vegetable products","1.42","31.070745680","0.1","5.5","1.2",NULL,NULL,NULL,NULL
"Sliced mushrooms","Vegetables and vegetable products","0.32","18.164435936","0.4","0.2","2.1",NULL,NULL,NULL,NULL
"Spinach, chopped, frozen","Vegetables and vegetable products","0.64","25.812619488","0.5","2.2","2.1",NULL,NULL,NULL,NULL
"Sundried tomatoes","Vegetables and vegetable products","2.72","203.393881336","15.3","12.2","2.7",NULL,NULL,NULL,NULL
"Croissants","Bread and bakery products","1.68","401.529636480","21","45","7","3.67","9.59","9674.86","366.34"
"Rice ","Cereals and cereal products","5.09","365.200764608","1.3","78.1","6.8","2.94","26.45","43467.19","2114.44"
"Rice flour","Cereals and cereal products","5.12","364.961758872","1.3","78.9","7.7",NULL,NULL,NULL,NULL
"Rice pancakes","Cereals and cereal products","4.50","341.778202480","0.5","77.4","5.8",NULL,NULL,NULL,NULL
"Red onion","Vegetables and vegetable products","0.81","49.952198824","0.3","10","1.6",NULL,NULL,NULL,NULL
"Rhubarb","Vegetables and vegetable products","0.38","25.812619488","0.3","1.9","0.9",NULL,NULL,NULL,NULL
"Spinach ","Vegetables and vegetable products","1.01","24.378585072","0.6","0.2","2.6","0.99","2.57","11379.19","269.96"
"Tomatojuice, canned","Beverages","1.06","18.881453144","0.1","3.3","0.8",NULL,NULL,NULL,NULL
"Trout, raw","Seafood","1.33","132.170172008","6.7","0","17.9",NULL,NULL,NULL,"2986.00"
"Skyr, 0.2 % fat","Milk, dairy products and eggs","1.03","70.984703592","0.2","4","10.8",NULL,NULL,NULL,NULL
"Soymilk","Milk, dairy products and eggs","0.89","45.411089840","1.9","3.3","3.6","0.87","2.75","685.68","50.48"
"Carbonated water","Beverages","0.19","4.063097512","0","0","0",NULL,NULL,NULL,NULL
"Whitefish","Seafood","7.14","114.244741808","3","0","21.6",NULL,NULL,NULL,NULL
"Elderberry juice","Beverages","4.00","222.514340216","0.5","53.2","0.5",NULL,NULL,NULL,NULL
"Energy drink","Beverages","0.58","46.606118520","0","11","0",NULL,NULL,NULL,NULL
"Fish balls, canned","Seafood","2.19","62.380497096","1","4.9","8.3",NULL,NULL,NULL,NULL
"Fish fillet, deepfried","Seafood","2.71","287.045888936","16.1","21.9","13.4",NULL,NULL,NULL,NULL
"Fish fingers, frozen","Seafood","2.37","188.097514232","8.4","15.2","12.8",NULL,NULL,NULL,NULL
"Fish pudding, raw","Seafood","2.84","111.376672976","2.8","12.8","8.5",NULL,NULL,NULL,NULL
"Garfish","Seafood","2.63","107.552581200","3.2","0","19.5",NULL,NULL,NULL,NULL
"Vegan mayo","Seasonings and spices","2.67","614.722752992","68.8","0.9","0.6",NULL,NULL,NULL,NULL
"Vegan block","Milk, dairy products and eggs","2.60","670.172083744","75","0.5","0.5",NULL,NULL,NULL,NULL
"Vegan cheese","Milk, dairy products and eggs","1.00","247.848948232","17","22.8","1.3",NULL,NULL,NULL,NULL
"Fruit juice, concentrated","Beverages","2.52","177.103250376","0","43.4","0.2",NULL,NULL,NULL,NULL
"Turkey, flesh only","Meat and poultry","4.71","106.118546784","2.2","0","21.3",NULL,NULL,NULL,NULL
"Snails","Seafood","0.73","84","0.8","0","16.9",NULL,NULL,NULL,NULL
"Sorghum","Cereals and cereal products","0.88","331","4.4","73.3","11.1",NULL,NULL,NULL,"3048.00"
"Sorghum flour","Cereals and cereal products","1.33","376","3.3","76.6","6.6",NULL,NULL,NULL,NULL
"Soybean oil","Plant products and drinks","2.30","885.7","100","0","0",NULL,NULL,NULL,"4190.00"
"Soy cream","Plant products and drinks","1.62","133","13.3","13.3","0",NULL,NULL,NULL,NULL
"Soy meal","Legumes and legume products","0.62","440","20","30","36.6",NULL,NULL,NULL,NULL
"Spaghetti","Cereals and cereal products","1.65","367","1.7","71.4","14.2","3.81","11.10","13985.71","500.99"
"Stracchino","Milk, dairy products and eggs","4.92","303","28.5","2.1","14.2",NULL,NULL,NULL,"5600.00"
"Protein bar","Cereals and cereal products","3.37","411.7","15","38.3","30.0","11.13","12.17","67106.95","1423.92"
"Prawns/shrimps, frozen","Seafood","17.73","98.8","1.2","1.2","22.3",NULL,NULL,NULL,"1705.00"
"Swardfish","Seafood","12.84","144","6.4","0","19.4",NULL,NULL,NULL,NULL
"Protein shake","Plant products and drinks","1.74","400.9","77.0","9.6","77.0","5.64","7.09","6877.32","322.90"
"Quiche","Bread and bakery products","4.67","256","16.0","18.4","10.4","5.59","18.21","12242.39","455.86"
"Radish","Vegetables and vegetable products","0.15","16.4","0","3.5","0.9",NULL,NULL,NULL,NULL
"Sugar","Candy and sugar products","1.85","400","0","100","0","2.15","17.23","11123.75","1202.39"
"Tuna","Seafood","4.68","103","10.8","0","22",NULL,NULL,NULL,NULL
"Ricotta cheese","Milk, dairy products and eggs","16.29","174.2","12.8","3.2","11.3","18.97","55.21","33023.84","1549.24"
"Cuttlefish","Seafood","5.05","78.8","0.7","0.8","16.5",NULL,NULL,NULL,NULL
"Whiting","Seafood","2.66","90.6","1.2","0","18.8",NULL,NULL,NULL,NULL
"Turbot","Seafood","14.51","84","2.3","0","16.4",NULL,NULL,NULL,"1504.00"
"Turkey, mince, 5-10% fat, raw","Meat and poultry","4.68","157.026768552","8.5","0","20.1",NULL,NULL,NULL,NULL
"Wheat flour, wholemeal","Cereals and cereal products","1.24","334.130018928","2.4","46.8","11.4",NULL,NULL,NULL,NULL
"Emu bone free meat","Meat and poultry","1.50",NULL,NULL,NULL,NULL,NULL,NULL,NULL,NULL
"Toffees, mixed","Candy and sugar products","2.92","483.508603928","20.9","67.7","2.1",NULL,NULL,NULL,NULL
"Fruit gums","Candy and sugar products","2.68","354.206500752","0.9","74.4","6.6",NULL,NULL,NULL,NULL
"Fig juice","Beverages","3.20",NULL,NULL,NULL,NULL,NULL,NULL,NULL,NULL
"Vodka","Wine, beer and spirits","3.57","231.596558184","0","0","0",NULL,NULL,NULL,NULL
"Wine, rose","Wine, beer and spirits","1.65","70.984703592","0","1.4","0.2","4.33","4.64","1925.67","93.54"
"Wine, white/sparkling/champagne","Wine, beer and spirits","1.65","75.525812576","0","1.4","0.3","4.33","4.64","1925.67","93.54"
"Walnuts ","Nuts and seeds","5.69","698.852772064","64.6","2.8","16.6","11.88","18.74","160556.44","3458.07"
"Vegan bean paste","Legumes and legume products","2.14","239.244741736","7.6","29","9.7",NULL,NULL,NULL,NULL
"Falafel","Vegetables and vegetable products","2.11","291.586997920","12","24","7.5","6.57","12.31","4303.70","81.75"
"French fries, frozen","Vegetables and vegetable products","0.80","145.554493224","4.4","23","2.4","2.11","9.52","1796.46","49.59"
"Vegan cold cuts","Plant products and drinks","2.67","162.523900480","14","1.3","7.8",NULL,NULL,NULL,NULL
"Vegetable steaks","Plant products and drinks","1.52","186.663479816","8","23.2","3.6",NULL,NULL,NULL,NULL
"Flapjack","Bread and bakery products","1.95",NULL,NULL,NULL,NULL,"3.99","11.80","8508.63","473.42"
"Tomato, dried","Vegetables and vegetable products","2.72","283.699808632","3","43.5","14.1",NULL,NULL,NULL,NULL
"Turnip, raw","Vegetables and vegetable products","0.27","26.290630960","0.1","3.8","0.6",NULL,NULL,NULL,"195.00"
"Fennel, root","Vegetables and vegetable products","0.15","22.705544920","0.2","2.9","1.4",NULL,NULL,NULL,"8280.00"
"Halibut, smoked","Seafood","2.69","200.286806768","16.1","0","14.3",NULL,NULL,NULL,NULL
"Herring, pickled","Seafood","5.35","271.988527568","16.2","20.9","11.9",NULL,NULL,NULL,NULL
"Herring","Seafood","2.23","187.380497024","13.6","0","16.5",NULL,NULL,NULL,NULL
"Icetea","Beverages","0.94","33.460803040","0","8","0",NULL,NULL,NULL,NULL
"Lobster","Seafood","6.35","90.583173944","1.5","0.3","18.7",NULL,NULL,NULL,NULL
"Mackerel ","Seafood","1.98","186.424474080","12.9","0","17.8",NULL,NULL,NULL,NULL
"Hummus","Seasonings and spices","2.26","278.441682440","20","16","7.7",NULL,NULL,NULL,NULL
"Goat cheese","Milk, dairy products and eggs","1.60","332.934990248","28","1","20",NULL,NULL,NULL,NULL
"Gooseberry","Fruits and fruit products","1.00","44.216061160","0.5","7.3","0.9",NULL,NULL,NULL,"526.00"
"Goose, flesh only","Meat and poultry","3.27","158.460802968","7.1","0","22.8",NULL,NULL,NULL,NULL
"Rabbit","Meat and poultry","3.27","112.571701656","1.9","0","21.6",NULL,NULL,NULL,NULL
"Kebab","Meat and poultry","53.92","166.586997992","6","2.5","25",NULL,NULL,NULL,NULL
"Lamb, leg","Meat and poultry","30.74","179.015296264","12","0","17.9","43.42","23.41","1019.95","88.01"
"Lamb, flank","Meat and poultry","32.77","358.030592528","31.7","0","19",NULL,NULL,NULL,NULL
"Green lentils","Cereals and cereal products","3.08","350.382408976","2.5","53.2","26.2",NULL,NULL,NULL,NULL
"Gherkin cucumber","Vegetables and vegetable products","0.40","16.730401520","0.1","2.1","1.2",NULL,NULL,NULL,NULL
"Ginger root","Vegetables and vegetable products","1.27","84.130019072","0.8","16.7","1.8",NULL,NULL,NULL,"1657.00"
"Green beans, frozen","Vegetables and vegetable products","2.16","33.460803040","0","4.1","2",NULL,NULL,NULL,NULL
"Kale ","Vegetables and vegetable products","0.90","60.229445472","1.1","2","4.7","0.81","6.33","4714.71","133.35"
"Leek","Vegetables and vegetable products","0.43","34.894837456","0.2","3.7","2",NULL,NULL,NULL,NULL
"Lentils ","Vegetables and vegetable products","3.00","124.760994192","0.6","19.1","9","27.47","27.73","746.96","14.31"
"Lettuce iceberg","Vegetables and vegetable products","4.93","15.535372840","0.1","2.4","0.8","6.78","5.12","23105.84","294.99"
"Octopus","Seafood","0.38","77.437858464","0.9","1.5","16.4",NULL,NULL,NULL,NULL
"Meat-free mince","Plant products and drinks","0.88","196.5","9.4","8.2","21.2","5.80","9.01","7431.13","107.63"
"Milk chocolate","Milk, dairy products and eggs","10.80","540","30","57.5","7.5","17.27","26.79","8151.76","551.85"
"Millet flour","Cereals and cereal products","1.37","383.3","3.3","76.7","10",NULL,NULL,NULL,NULL
"Mineral water","Beverages","0.49","0","0","0","0",NULL,NULL,NULL,NULL
"Prawns/shrimps","Seafood","11.95","98.8","1.2","1.2","22.3",NULL,NULL,NULL,"1705.00"
"Sweet potato fries, frozen","Legumes and legume products","0.41","164.7","5.8","27","1.1","1.97","6.74","8263.91","110.32"
"Tomato & basil","Seasonings and spices","1.15","40","0.8","16.4","1.6",NULL,NULL,NULL,"148.00"
"Tomato chopped","Seasonings and spices","1.41","24","0","4","0.8",NULL,NULL,NULL,NULL
"Trout, frozen","Seafood","4.38","118","3.5","27","1.1",NULL,NULL,NULL,NULL
"Rockmelon","Fruits and fruit products","0.39","33.8","0","8.1","0.6",NULL,NULL,NULL,NULL
"Duck meat bone free","Meat and poultry","4.10","123.5","4.7","0","20",NULL,NULL,NULL,"4325.00"
"Eel","Seafood","3.88","183.5","11.8","0","18.8",NULL,NULL,NULL,NULL
"Egg noodles","Cereals and cereal products","1.38","426.3","7.1","77.6","14.1","3.00","8.33","9421.30","273.12"
"Egg pasta","Cereals and cereal products","3.19","357.1","3.6","69.6","14.3",NULL,NULL,NULL,"4637.00"
"Emmental","Milk, dairy products and eggs","8.20","389.3","32.1","1.4","28.6",NULL,NULL,NULL,NULL
"Feta cheese","Milk, dairy products and eggs","14.84","264.3","21.4","3.6","14.3","17.47","50.19","28194.19","1366.76"
"Fig","Fruits and fruit products","0.31","260","0.2","20","0.8",NULL,NULL,NULL,"3350.00"
"Flavored crackers","Cereals and cereal products","1.01","483.3","20","66.7","6.7",NULL,NULL,NULL,"1429.00"
"Fruit smoothies","Beverages","1.65","55","0","13.3","0.4","1.29","3.67","5162.96","172.43"
"Zucchini","Vegetables and vegetable products","0.65","16.9","0.3","3.2","1.6",NULL,NULL,NULL,"336.00"
"Yogurt lactose free","Milk, dairy products and eggs","3.16","41.2","0.6","5.3","4.7",NULL,NULL,NULL,NULL
"Yogurt flavoured","Milk, dairy products and eggs","2.81","66.9","3.7","4.5","3.7",NULL,NULL,NULL,"1659.00"
"Whole wheat flour","Cereals and cereal products","0.38","346.7","2.3","70","13.3",NULL,NULL,NULL,NULL
"Wheat plain flour","Cereals and cereal products","0.61","364","0.8","76","10.4",NULL,NULL,NULL,"1849.00"
"Wheat","Cereals and cereal products","0.67","364","0.8","76","10.4",NULL,NULL,NULL,"1795.00"
"Turkey meat, with bone","Meat and poultry","2.08","156","7","0","22.1",NULL,NULL,NULL,NULL
"Krill","Seafood","5.54",NULL,NULL,NULL,NULL,NULL,NULL,NULL,NULL
"Mealworms","Meat and poultry","2.84",NULL,NULL,NULL,NULL,NULL,NULL,NULL,"4341.00"
"Marzipan","Candy and sugar products","12.08","477.294454792","26.5","42","13.3",NULL,NULL,NULL,NULL
"Magarine","Plant products and drinks","2.49","534.655831432","60","0.5","0.5",NULL,NULL,NULL,NULL
"Oil, rape seed","Plant products and drinks","3.33","884.321223200","100","0","0",NULL,NULL,NULL,NULL
"Olive oil","Plant products and drinks","5.89","884.321223200","100","0","0","21.71","34.26","109146.29","1411.24"
"Hazelnut","Nuts and seeds","6.95","648.183556032","60.6","3.3","15.6",NULL,NULL,NULL,"10515.00"
"Liqueur, coffee with cream","Wine, beer and spirits","3.56","330.305927152","15.7","20","2.8",NULL,NULL,NULL,NULL
"Kidney beans","Legumes and legume products","1.17","71.462715064","1","9","5",NULL,NULL,NULL,NULL
"Jalapenos","Vegetables and vegetable products","1.51","32.982791568","0.5","6","1",NULL,NULL,NULL,NULL
"Marinated artichokes","Vegetables and vegetable products","4.15","66.443594608","5.5","2.6","1.8",NULL,NULL,NULL,NULL
"Marinated grilled peppers","Vegetables and vegetable products","2.53","38.001912024","0.9","5.5","0.9",NULL,NULL,NULL,NULL
"Microwave popcorn","Vegetables and vegetable products","1.81","462.715104896","25","46.4","8.4",NULL,NULL,NULL,NULL
"Megrim","Seafood","14.15",NULL,NULL,NULL,NULL,NULL,NULL,NULL,NULL
"Margarine","Milk, dairy products and eggs","2.49","670.650095216","70.6","0","0.8",NULL,NULL,NULL,"1324.00"
"Milk, partly skimmed, 1.5 % fat","Milk, dairy products and eggs","0.45","47.801147200","1.6","4.7","3.4",NULL,NULL,NULL,NULL
"Milk, skimmed, 0.5 % fat","Milk, dairy products and eggs","0.41","37.762906288","0.5","4.8","3.4",NULL,NULL,NULL,NULL
"Milk, skimmed, with chocolate (uht)","Milk, dairy products and eggs","0.73","59.990439736","0.5","9.3","3.5",NULL,NULL,NULL,NULL
"Milk, whole, 3.5 % fat","Milk, dairy products and eggs","0.50","63.097514304","3.5","4.6","3.4",NULL,NULL,NULL,NULL
"Perch","Seafood","4.08","78.154875672","1.3","0","16.4",NULL,NULL,NULL,NULL
"Ajvar, relish","Seasonings and spices","2.96","99.665391912","6","13","1",NULL,NULL,NULL,NULL
"Basil, dried","Seasonings and spices","2.80","241.873804832","4","10.1","23",NULL,NULL,NULL,NULL
"Bouillon, beef, concentrated, cube","Seasonings and spices","9.94","161.567877536","3.2","12","17",NULL,NULL,NULL,NULL
"Bouillon, beef, prepared","Seasonings and spices","0.55","7.170172080","0.2","0.1","1.1",NULL,NULL,NULL,NULL
"Bouillon, chicken, prepared","Seasonings and spices","0.35","4.302103248","0.2","0.3","0.3",NULL,NULL,NULL,NULL
"Chili sauce","Seasonings and spices","2.10","233.030592600","0.7","55.1","0.6",NULL,NULL,NULL,NULL
"Remoulade","Seasonings and spices","1.86","374.760994048","36.8","12","1.1",NULL,NULL,NULL,NULL
"Pepperoni","Meat and poultry","5.70","514.579349608","49","1","19",NULL,NULL,NULL,NULL
"Muesli bar, chocolate","Cereals and cereal products","3.01","456.500955760","17.6","65.8","6.8",NULL,NULL,NULL,NULL
"Oats","Cereals and cereal products","1.94","368.307839176","6.7","57","14.2",NULL,NULL,NULL,"1788.00"
"Mushrooms","Vegetables and vegetable products","2.35","26.290630960","0.3","0","2.9","2.87","13.40","87304.05","1459.08"
"Onion","Vegetables and vegetable products","0.36","43.738049688","0.1","5.4","1.2","0.40","1.54","315.76","53.86"
"Spring onion","Vegetables and vegetable products","0.81","33.221797304","0.2","4.7","1.8",NULL,NULL,NULL,NULL
"Tahin, sesame paste","Seasonings and spices","7.70","665.391969024","61.4","10.5","21",NULL,NULL,NULL,NULL
"Tomato ketchup ","Seasonings and spices","2.61","114.483747544","2.4","18.4","3","1.67","10.31","9008.08","494.95"
"Vinegar","Seasonings and spices","1.58","20.076481824","0","5.4","0.4",NULL,NULL,NULL,NULL
"Green curry paste","Seasonings and spices","2.06","158.221797232","12","8.7","1.6",NULL,NULL,NULL,NULL
"Mango chutney","Seasonings and spices","3.12","224.665391840","0","55","0",NULL,NULL,NULL,NULL
"Mayonnaise","Seasonings and spices","3.13","717.495219472","80","0.1","1.1",NULL,NULL,NULL,NULL
"Mayonnaise, low fat","Seasonings and spices","1.17","453.871892664","51.3","0","0",NULL,NULL,NULL,NULL
"Mustard","Seasonings and spices","1.95","165.152963576","6.4","20.2","5.7",NULL,NULL,NULL,NULL
"Olives, black","Seasonings and spices","2.05","110.659655768","9.8","2.9","1",NULL,NULL,NULL,"4972.00"
"Olives, canned","Seasonings and spices","2.05","132.409177744","11.7","5","1",NULL,NULL,NULL,NULL
"Millet","Cereals and cereal products","0.86","377.8","4.4","73.3","11.1",NULL,NULL,NULL,"4478.00"
"Penne pasta","Cereals and cereal products","1.63","352","1.8","71.4","12.5","3.74","11.14","16664.94","614.16"
"Naan","Bread and bakery products","1.01","291.1","5.6","50","10","2.29","5.37","8656.55","282.90"
"Octopus, frozen","Seafood","7.88","109.1","1.1","0","21.8",NULL,NULL,NULL,NULL
"Palm nut","Nuts and seeds","0.80","30","0","6","1",NULL,NULL,NULL,"2868.00"
"Parmesan cheese","Milk, dairy products and eggs","24.02","392.9","25","3.2","35.7","28.25","80.51","46478.72","2253.21"
"Pasta shells","Cereals and cereal products","1.03","350","1.8","73.2","12.5","3.50","6.04","12889.33","333.57"
"Peanut butter","Plant products and drinks","1.15","606.3","53.1","21.9","21.9",NULL,NULL,NULL,NULL
"Mackerel, frozen","Seafood","1.11","156.5","5.9","0","23.5",NULL,NULL,NULL,NULL
"Ling","Seafood","6.45","85","0.9","0","17.7",NULL,NULL,NULL,NULL
"Mandarin","Fruits and fruit products","0.40","53.4","0.1","13.6","0.8",NULL,NULL,NULL,"748.00"
"Marmalade","Fruits and fruit products","1.55","245","0","65","0.5","1.73","13.65","13067.23","917.87"
"Coffee, instant","Beverages","28.78","2.2","0","0.3","0.1","18.37","109.20","582.53","43.08"
"Durum wheat","Cereals and cereal products","0.48","350","1.7","73.3","13.3",NULL,NULL,NULL,NULL
"Guava","Fruits and fruit products","0.28","67.3","0.9","14.5","1.8",NULL,NULL,NULL,"1800.00"
"Haddock","Seafood","3.25","77.6","0.5","0","16.5",NULL,NULL,NULL,NULL
"Halloumi cheese","Milk, dairy products and eggs","16.17","393","32","2","25","19.10","54.06","31598.03","1534.22"
"Herring, frozen","Seafood","1.31","179.2","12","0","17.6",NULL,NULL,NULL,NULL
"Honey","Candy and sugar products","1.74","304.7","0","81","0.5",NULL,NULL,NULL,NULL
"Ice cream","Candy and sugar products","3.66","216.7","10.6","28.8","4.5","5.29","12.55","7961.44","463.34"
"Kangaroo meat","Meat and poultry","4.10","94.1","0.9","0.1","21.2",NULL,NULL,NULL,NULL
"Ketchup","Seasonings and spices","1.46","100","0","26.7","1.3",NULL,NULL,NULL,"534.00"
"Lamb bone free meat","Meat and poultry","27.21","254.2","14.2","0","18.6",NULL,NULL,NULL,"10412.00"
"Lamb burgers","Meat and poultry","26.93","254.9","23","0","16.8","38.10","21.03","2310.04","106.45"
"Lasagne sheets","Cereals and cereal products","1.96","261.9","2.3","50","9.5","3.55","12.75","21190.66","834.88"
"Pepper","Seasonings and spices","5.19","304.493307664","3.3","44.5","10.9",NULL,NULL,NULL,"379.00"
"Pesto","Seasonings and spices","4.24","369.741873592","35","10","4.7",NULL,NULL,NULL,"2099.00"
"Pomfret","Seafood","6.63",NULL,NULL,NULL,NULL,NULL,NULL,NULL,NULL
"Porbeagle","Seafood","11.44",NULL,NULL,NULL,NULL,NULL,NULL,NULL,NULL
"Flatfish","Seafood","6.41",NULL,NULL,NULL,NULL,NULL,NULL,NULL,NULL
"Flathead","Seafood","2.45",NULL,NULL,NULL,NULL,NULL,NULL,NULL,NULL
"Cheese, cottage, 20 %","Milk, dairy products and eggs","1.60","105.401529576","4.4","2.5","13",NULL,NULL,NULL,NULL
"Cheese, cream, 60 %","Milk, dairy products and eggs","5.41","329.588909944","31.5","2.1","10",NULL,NULL,NULL,NULL
"Cheese, blue, 50 % ","Milk, dairy products and eggs","5.41","346.558317200","29.5","0","20.1",NULL,NULL,NULL,NULL
"Cheese, danbo, 45 %","Milk, dairy products and eggs","5.41","322.179732128","25","0.1","23.2",NULL,NULL,NULL,NULL
"Cheese, parmesan, 32 %","Milk, dairy products and eggs","5.41","355.640535168","24.1","0.1","32.9",NULL,NULL,NULL,NULL
"Cheese, feta, 40 % ","Milk, dairy products and eggs","1.60","253.107074424","19.2","0.5","19",NULL,NULL,NULL,NULL
"Cheese, mozzarella, 30 %","Milk, dairy products and eggs","5.41","277.963670968","17.7","0.1","28.3",NULL,NULL,NULL,NULL
"Cream, whipping, 38 % fat","Milk, dairy products and eggs","1.73","354.684512224","38","3","2.1",NULL,NULL,NULL,NULL
"Yoghurt plain","Milk, dairy products and eggs","3.11","62.141491360","3.6","3.6","3.7","3.21","9.96","6595.92","311.75"
"Apple","Fruits and fruit products","0.61","55.688336488","0.2","10.9","0.3","0.67","1.21","2469.09","90.33"
"Pear","Fruits and fruit products","0.93","49.474187352","0.1","8.3","0.3","1.01","13.83","14139.94","783.35"
"Apricot, dried","Fruits and fruit products","2.73","249.282982648","1.7","43.3","3.5",NULL,NULL,NULL,NULL
"Pear, canned","Fruits and fruit products","0.95","71.462715064","0.2","15.7","0.3",NULL,NULL,NULL,NULL
"Aquavit, 40 % vol.","Wine, beer and spirits","3.57","221.797323008","0","0","0",NULL,NULL,NULL,NULL
"Peanuts ","Nuts and seeds","3.47","624.760993904","53.3","8.1","28.4","8.31","16.73","74295.36","2169.65"
"Peas, canned","Legumes and legume products","2.36","75.047801104","0.8","7.7","5.9",NULL,NULL,NULL,NULL
"Olive tapenade","Vegetables and vegetable products","2.77","248.565965440","25.1","3.6","1.4",NULL,NULL,NULL,NULL
"Onion, frozen","Vegetables and vegetable products","0.38","27.963671112","0.1","5","0.8",NULL,NULL,NULL,NULL
"Asparagus ","Vegetables and vegetable products","1.79","16.491395784","0.1","2.2","1.3","1.40","4.00","25692.93","2150.00"
"Pepper, hot chili","Seasonings and spices","1.51","26.768642432","0.1","4.9","0.9",NULL,NULL,NULL,NULL
"Oat milk ","Milk, dairy products and eggs","0.45","45.411089840","1.6","5.6","0.6","0.53","1.43","811.51","14.49"
"Pea drink","Milk, dairy products and eggs","0.71","10.755258120","3.1","3.8","0.5",NULL,NULL,NULL,NULL
"Avocado","Fruits and fruit products","1.22","169.933078296","13.1","0.5","1.9","1.25","2.67","32696.89","367.41"
"Bacon ","Meat and poultry","19.31","424.235181400","42","0","13","42.33","87.75","56859.52","1649.71"
"Minced lamb","Meat and poultry","34.73","152.724665304","14","0","20",NULL,NULL,NULL,NULL
"Rye flour, dark, whole meal","Cereals and cereal products","1.17","335.325047608","2.3","54.8","9.4",NULL,NULL,NULL,NULL
"Rye kernels, whole/cracked","Cereals and cereal products","1.17","334.847036136","2.3","58.2","9.7",NULL,NULL,NULL,NULL
"Graham flour","Cereals and cereal products","0.47",NULL,NULL,NULL,NULL,NULL,NULL,NULL,NULL
"Blended spread, 75% fat","Milk, dairy products and eggs","3.21","673.996175520","75.5","1.1","0.5",NULL,NULL,NULL,NULL
"Blue cheese","Milk, dairy products and eggs","20.11","387.906309528","36","0.1","17","23.89","67.50","39276.25","1895.35"
"Goat's cheese","Milk, dairy products and eggs","19.31",NULL,NULL,NULL,NULL,"22.62","65.87","37119.24","1782.23"
"Mussel","Seafood","0.19","83.173996128","2.2","0","11.9",NULL,NULL,NULL,NULL
"Mussels, canned","Seafood","1.69","103.489483688","3","0","17",NULL,NULL,NULL,NULL
"Pollock, fillet, frozen","Seafood","2.71","92.495219832","0.9","0","20.5",NULL,NULL,NULL,NULL
"Tuna raw","Seafood","13.08","118.546845056","1.1","0","26.8","5.52","61.55","38556.18","3771.40"
"Salad dressing, thousand island","Seasonings and spices","3.11","369.741873592","35.1","12.7","1.1",NULL,NULL,NULL,NULL
"Salt, table","Seasonings and spices","0.44","0.000000000","0","0","0",NULL,NULL,NULL,NULL
"Sauce gravad lax","Seasonings and spices","1.86","554.971318992","56","13.1","1.6",NULL,NULL,NULL,NULL
"Bbq sauce","Seasonings and spices","2.26","148.900573528","0.3","35.8","0",NULL,NULL,NULL,NULL
"Soya sauce","Seasonings and spices","1.88","56.644359432","0","7","6.9",NULL,NULL,NULL,NULL
"Almond milk ","Milk, dairy products and eggs","0.66","46.845124256","2.2","4.3","0.8","1.37","4.15","99916.42","1246.97"
"Crab claws","Seafood","9.77","113.049713128","1.8","0","22.9",NULL,NULL,NULL,NULL
"Crab, boiled","Seafood","4.42","129.302103176","5.2","0.5","20.1",NULL,NULL,NULL,NULL
"Crayfish","Seafood","2.54","68.594646232","0.5","1.2","14.6",NULL,NULL,NULL,NULL
"Salad dressing, oil and vinegar","Seasonings and spices","3.43","345.602294256","34.3","9.8","0.6",NULL,NULL,NULL,NULL
"Garlic","Vegetables and vegetable products","0.67","159.894837384","0.5","30.9","6.4",NULL,NULL,NULL,"589.00"
"Mung bean flour","Legumes and legume products","1.49",NULL,NULL,NULL,NULL,NULL,NULL,NULL,NULL
"Haddock, frozen","Seafood","3.72",NULL,NULL,NULL,NULL,NULL,NULL,NULL,NULL
"Rye","Cereals and cereal products","0.41",NULL,NULL,NULL,NULL,NULL,NULL,NULL,"1554.00"
"Muesli","Cereals and cereal products","2.27","350","5","71.7","13.3","3.95","10.51","13749.67","343.18"
"Shark","Seafood","10.09","130","4.7","0","21.2",NULL,NULL,NULL,NULL
"Oatmeal","Cereals and cereal products","1.13","382.5","5","67.5","12.5",NULL,NULL,NULL,"2536.00"
"Sole","Seafood","5.40","85","1","0.1","18.8",NULL,NULL,NULL,NULL
"Parmigiano reggiano","Milk, dairy products and eggs","14.08","392.9","25","3.2","35.7",NULL,NULL,NULL,"10200.00"
"Pea","Legumes and legume products","0.58","75.6","0.5","12.5","5.6",NULL,NULL,NULL,"1979.00"
"Apricot jam","Fruits and fruit products","1.38","240","0","65","0.5","1.37","11.45","24526.65","851.05"
"Pork neck","Meat and poultry","4.03","317.7","27.1","0","18.8",NULL,NULL,NULL,NULL
"Coconut","Fruits and fruit products","1.78","354","34","16","4",NULL,NULL,NULL,"2093.00"
"Rapeseed oil","Plant products and drinks","3.29","885.7","100","0","0","7.21","15.36","3755.45","88.67"
"Dairy-free ice cream","Candy and sugar products","2.45","259.7","11.8","24.4","1.7","3.49","8.90","8127.09","407.90"
"Grana padano","Milk, dairy products and eggs","14.27","378.6","28.6","0","32.1",NULL,NULL,NULL,NULL
"Granola","Cereals and cereal products","1.78","240.9","18.2","65.5","7.3","5.14","15.09","18338.65","499.28"
"Fork beard","Seafood","8.01","189.7","10.6","16.8","13.7",NULL,NULL,NULL,NULL
"Coconut milk","Fruits and fruit products","6.33","182.600382304","19","2","1.6","0.55","2.12","14423.41","217.23"
"Raisins, seedless","Fruits and fruit products","3.58","337.476099232","1.6","68.8","3.2",NULL,NULL,NULL,NULL
"Raspberry jam ","Fruits and fruit products","5.11","205.544932960","0.6","48.1","0.6","1.96","14.23","11008.58","786.81"
"Raspberry, frozen","Fruits and fruit products","1.34","53.298279128","1.3","6.5","1.4",NULL,NULL,NULL,NULL
"Grape","Fruits and fruit products","8.28","68.116634760","0","15.3","0.6","1.54","4.93","3122.22","46.55"
"Red lentils, dried","Legumes and legume products","3.08","363.288718720","6.9","49","20",NULL,NULL,NULL,NULL
"Cabbage, red, canned, no sugar added","Vegetables and vegetable products","0.79","19.598470352","0.1","2.9","0.5",NULL,NULL,NULL,NULL
"Capers","Vegetables and vegetable products","1.05","23.183556392","0.9","4.7","1.9",NULL,NULL,NULL,NULL
"Tomato paste","Vegetables and vegetable products","2.67","89.627151000","0.5","14.8","4.3",NULL,NULL,NULL,NULL
"Tomato, peeled, canned","Vegetables and vegetable products","1.06","21.510516240","0.3","3","1.2",NULL,NULL,NULL,NULL
"Gherkin, pickled","Vegetables and vegetable products","3.07","14.101338424","0.2","2.1","0.3",NULL,NULL,NULL,NULL
"Mixed salad ","Vegetables and vegetable products","0.92","71.701720800","2","8","2","1.16","2.44","28975.10","343.09"
"Mushroom, canned","Vegetables and vegetable products","0.62","21.988527712","0.5","0","2.5",NULL,NULL,NULL,NULL
"Baby corn","Vegetables and vegetable products","0.69","26.051625224","0.1","4","1.4",NULL,NULL,NULL,NULL
"Garlic in oil","Seasonings and spices","2.46","242.351816304","9.8","31.5","6.2",NULL,NULL,NULL,NULL
"Pitta bread","Bread and bakery products","0.56","236","4.6","43.6","6.4","1.80","4.08","4853.90","134.40"
"Almond covered with chocolate","Candy and sugar products","4.80","444.4","19","52","9",NULL,NULL,NULL,NULL
"Barley","Cereals and cereal products","0.53","352","1.2","78","10",NULL,NULL,NULL,"1423.00"
"Catfish","Seafood","8.93","118.6","6.2","0","15",NULL,NULL,NULL,NULL
"Cheddar cheese","Milk, dairy products and eggs","20.75","410.7","35.7","1.8","25","24.45","70.27","40220.71","1939.91"
"Tomato peeled","Seasonings and spices","1.28","20.6","0","4.1","0.8",NULL,NULL,NULL,"267.00"
"Couscous","Cereals and cereal products","1.16","376","0.6","78","14","2.95","6.15","13862.81","333.85"
"Cream","Milk, dairy products and eggs","5.34","250","20","4","2.7",NULL,NULL,NULL,"3998.00"
"Crisps","Plant products and drinks","3.03","532.1","35.7","53.6","7.1","7.53","32.29","11529.83","420.95"
"Dark chocolate","Candy and sugar products","20.62","578.6","39.2","53.6","7.1","48.79","41.64","3196.48","301.49"
"Date","Fruits and fruit products","0.60","275","0.4","79.2","2.1",NULL,NULL,NULL,"2902.00"
"Green bean, fresh","Legumes and legume products","0.73","32","0.2","7.2","1.6",NULL,NULL,NULL,NULL
"Green beans in can","Legumes and legume products","1.45","24.7","0.4","4.7","1.1",NULL,NULL,NULL,NULL
"Hake","Seafood","10.12","79.6","0.9","0","17.6",NULL,NULL,NULL,NULL
"Hazelnut cream","Plant products and drinks","2.71","233.3","13.3","33.3","0",NULL,NULL,NULL,NULL
"Hazelnut paste","Plant products and drinks","1.69","542.1","29.7","59.5","5.4",NULL,NULL,NULL,NULL
"Ice lollies","Candy and sugar products","1.31","78.8","0.3","18.8","0","1.94","8.10","20251.38","653.09"
"Lamb meat with bone","Meat and poultry","18.01","185.3","16.5","0","18.8",NULL,NULL,NULL,"5235.00"
"Yogurt white","Milk, dairy products and eggs","2.10","66.9","3.7","4.5","3.7",NULL,NULL,NULL,"1605.00"
"Wholegrain crackers","Cereals and cereal products","0.99","426.7","13.3","70","10",NULL,NULL,NULL,"833.00"
"Turkey meat, bone free","Meat and poultry","5.11","111","1.1","0","23.5",NULL,NULL,NULL,"4325.00"
"Alfonsino","Seafood","3.49",NULL,NULL,NULL,NULL,NULL,NULL,NULL,NULL
"Beef mince","Meat and poultry","95.03","250.4","14.1","0.6","24.7","295.25","428.69","56773.20","2493.95"
"Mixed nuts","Nuts and seeds","0.47","607.1","53.6","21.4","21.4",NULL,NULL,NULL,"9063.00"
"Cane sugar","Plant products and drinks","0.67","400","0","100","0",NULL,NULL,NULL,"1358.00"
"Tuna in can","Seafood","2.00","129","2.3","0","25.8",NULL,NULL,NULL,NULL
"Rhombus","Seafood","8.41",NULL,NULL,NULL,NULL,NULL,NULL,NULL,NULL
"Sausage rolls","Meat and poultry","5.85","320","21.3","23.3","8.7","7.84","33.49","27457.92","779.44"
"Seabass","Seafood","3.59","96","2.3","0","18.8",NULL,NULL,NULL,"5222.00"
"Pork, tenderloin, trimmed","Meat and poultry","7.32","115.678776224","3.3","0","21.2",NULL,NULL,NULL,NULL
"Pulled beef","Meat and poultry","56.34","122.131931096","3.6","4","18",NULL,NULL,NULL,NULL
"Pulled pork","Meat and poultry","4.52","127.629063024","6.4","1.5","16",NULL,NULL,NULL,NULL
"Rabbit meat with bone","Meat and poultry","4.31",NULL,NULL,NULL,NULL,NULL,NULL,NULL,NULL
"Rabbit meat, bone free","Meat and poultry","3.27","118.307839320","4","0","20.4",NULL,NULL,NULL,NULL
"Sausage, salami","Meat and poultry","5.70","502.868068544","49.2","2.8","13.9",NULL,NULL,NULL,NULL
"Turkey, breast, boiled/smoked","Meat and poultry","4.35","108.269598408","1.8","1.7","21",NULL,NULL,NULL,NULL
"Veal and pork, mince, 15-20% fat, raw","Meat and poultry","22.04","216.061185344","16.4","0","17.6",NULL,NULL,NULL,NULL
"Veal, medium fat, raw","Meat and poultry","74.84","183.556405248","11.3","0","20",NULL,NULL,NULL,NULL
"Duck, flesh only","Meat and poultry","3.27","126.673040080","5.1","0","18.3",NULL,NULL,NULL,NULL
"Lamb, meat","Meat and poultry","36.43","326.242829640","30.5","0","13.9",NULL,NULL,NULL,NULL
"Burbot","Seafood","7.14","70.984703592","0.5","0","16.4",NULL,NULL,NULL,NULL
"Buffalo milk","Milk, dairy products and eggs","3.75",NULL,NULL,NULL,NULL,NULL,NULL,NULL,NULL
"Pistachio","Nuts and seeds","1.60","579","46.4","28.6","21.4",NULL,NULL,NULL,"11363.00"
"Pomelo","Fruits and fruit products","0.51","37.8","0","9.57","0.87",NULL,NULL,NULL,NULL
"Prawn","Seafood","20.91","62.858508568","0.3","0","14.8","1.02","154.77","112126.91","3197.15"
"Cranberry","Fruits and fruit products","0.90","42.304015272","0.1","7.6","0.4",NULL,NULL,NULL,NULL
"Tea ","Beverages","17.62","229.684512296","2","3","19.6","23.66","66.71","2563.34","62.44"
"Tangerine","Fruits and fruit products","0.65","48.040152936","0","8.3","0.8",NULL,NULL,NULL,NULL
"Roastbeef, sliced","Meat and poultry","67.91","120.458890944","3.5","0.3","21.7",NULL,NULL,NULL,NULL
"Squab (pigeon) meat","Meat and poultry","3.27","284.416825840","23.8","0","18.2",NULL,NULL,NULL,NULL
"Wheat kernels, whole/cracked","Cereals and cereal products","1.24","343.690248368","2","61.9","11.5",NULL,NULL,NULL,NULL
"Food grain, kamut","Cereals and cereal products","1.87","332.217973040","2","63.5","13.9",NULL,NULL,NULL,NULL
"Palm oil","Vegetables and vegetable products","2.32","800","93.3","0","0",NULL,NULL,NULL,"4971.00"
"Orange juice ","Beverages","1.49","43.021032480","0.1","8.4","0.6","0.71","2.18","6888.85","142.69"
"Oyster","Seafood","0.84","61.663479888","1.5","4.2","7.8",NULL,NULL,NULL,NULL
"Eggs ","Milk, dairy products and eggs","4.44","138.623326880","9.5","1.1","12.3","6.82","19.98","29742.16","830.03"
"Goat milk","Milk, dairy products and eggs","2.80","69.072657704","4.1","4.4","3.5",NULL,NULL,NULL,NULL
"Dairy-free cheese","Milk, dairy products and eggs","1.98","271.4","21.4","21.4","0","4.21","11.73","68787.91","1416.95"
